,cluster,date,title,first_block,content,company,link,cluster_count
0,-1,2024-07-31 17:22:00,8년 전 이은주-홍은정 셀피 소환한 남북 탁구 대표팀의 셀피,"위대한 몸짓' 평가받은 남북 셀피 탁구 혼성복식 시상식에서 재연 '리우' 진종오, '항저우' 김수현 사례도 냉랭 관계에 공동입장 등 화합은 줄어 세계적 싱크탱크 유라시아그룹의 이언 브레머 회장이 리우데자네이루 올림픽이 열렸던 2016년 8월 5일 자신의 트위터에 올린 한국 이은주 와 북한 홍은정의 셀피 촬영 장면. 이언 브레머 트위터 캡처 ""언니, 사진 찍자."" 2016 리우데자네이루 올림픽에 기계체조 대표로 참여했던 이은주는 이 작은 행동으로 전 세계의 주목을 받았다. 예선을 마치고 북한 홍은정에게 다가가 '셀피' 촬영을 제안한 것이다. 홍은정이 수락하면서 두 선수의 웃는 모습이 담긴 사진이 남겨졌다. 토마스 바흐 국제올림픽위원회 위원장은 당시 셀피를 ""위대한 몸짓 ""이라고 평가했다. 미국 워싱턴포스트 가 '올림픽에서 정치적으로 의미 있었던 순간' 10개 중 하나로 뽑는 등 외신들도 관심을 보였다. 30일 프랑스 파리 사우스 파리 아레나 4에서 열린 2024 파리 올림픽 탁구 혼합복식에서 동메달을 획득한 신유빈과 임종훈이 북한 선수단, 중국 선수단과 셀피를 찍고 있다. 파리= 8년이 지나 열린 2024 파리 올림픽에서 두 사람의 셀피가 다시 회자되고 있다","위대한 몸짓' 평가받은 남북 셀피 탁구 혼성복식 시상식에서 재연 '리우' 진종오, '항저우' 김수현 사례도 냉랭 관계에 공동입장 등 화합은 줄어 세계적 싱크탱크 유라시아그룹의 이언 브레머 회장이 리우데자네이루 올림픽이 열렸던 2016년 8월 5일 자신의 트위터에 올린 한국 이은주(오른쪽)와 북한 홍은정의 셀피 촬영 장면. 이언 브레머 트위터 캡처 ""언니, 사진 찍자."" 2016 리우데자네이루 올림픽에 기계체조 대표로 참여했던 이은주는 이 작은 행동으로 전 세계의 주목을 받았다. 예선을 마치고 북한 홍은정에게 다가가 '셀피'(셀프카메라) 촬영을 제안한 것이다. 홍은정이 수락하면서 두 선수의 웃는 모습이 담긴 사진이 남겨졌다. 토마스 바흐 국제올림픽위원회(IOC) 위원장은 당시 셀피를 ""위대한 몸짓(Great gesture)""이라고 평가했다. 미국 워싱턴포스트(WP)가 '올림픽에서 정치적으로 의미 있었던 순간' 10개 중 하나로 뽑는 등 외신들도 관심을 보였다. 30일 프랑스 파리 사우스 파리 아레나 4에서 열린 2024 파리 올림픽 탁구 혼합복식에서 동메달을 획득한 신유빈과 임종훈이 북한 선수단, 중국 선수단과 셀피를 찍고 있다. 파리=서재훈 기자 8년이 지나 열린 2024 파리 올림픽에서 두 사람의 셀피가 다시 회자되고 있다. 30일(현지시간) 사우스 파리 경기장에서 진행된 탁구 혼성복식 시상대에서 촬영된 또 다른 셀피가 계기다. 동메달을 획득한 임종훈은 자원봉사자로부터 전달받은 휴대폰을 쥐고 같은 팀 신유빈, 금메달을 따낸 중국 왕추친-쑨잉사, 은메달을 따낸 북한 리정식-김금용과 시상대 위에서 '셀피 타임'을 가졌다. 남북 선수가 셀피를 찍는 이례적인 장면이 연출된 것은 이번 대회에서 운영 중인 '빅토리 셀피' 프로그램 덕이다. IOC 공식 후원사인 삼성전자가 선수들이 시상대 위에서 셀피를 찍을 수 있도록 IOC와 협업해 진행하는 프로그램이다. 이처럼 촬영 계기는 8년 전과 달랐지만, 따뜻한 분위기는 비슷했다. 쑨잉사의 제안으로 구도를 바꿔 여러 차례 촬영하는가 하면 김금용이 미소를 보이는 장면도 포착됐다. 경직된 남북 관계와 무관하게, 스포츠를 위해 모인 축제의 자리였기에 볼 수 있는 장면이었다. 리우데자네이루 올림픽에 참여한 한국 사격 대표팀의 진종오(왼쪽)와 북한 김성국이 2016년 8월 11일 50m 권총 시상식에서 악수하고 있다. 리우=연합뉴스 과거에도 스포츠 행사를 계기로 비슷한 모습이 연출되는 경우는 종종 있었다. 리우 대회 남자 사격 50m 권총 시상식엔 금메달을 획득한 한국의 진종오와 동메달을 획득한 북한의 김성국이 나란히 시상대에 올랐다. 당시 진종호는 ""김성국에게 '앞으로 형 보면 친한 척해라'라고 말해줬다""면서 웃었고, 김성국은 기자회견에서 ""앞으로 통일이 되면 1등과 3등이 조선(한국)의 것으로 하나의 조선에서 더 큰 메달이 나올 것이라 생각한다""고 말했다. 지난해 10월 항저우 아시안게임 기자회견장에서 동메달을 따낸 역도 대표 김수현의 유쾌한 소감 발표에 북한 선수들이 웃음을 터뜨리고, 김수현이 북한 선수들을 칭찬한 사례도 주목을 받았다. 2004년 아테네올림픽 개막식에서 남북 선수단이 한반도기를 들고 공동 입장하고 있다. 한국일보 자료사진 다만 공식적인 화합 기회는 줄고 있다. 2000년 시드니 올림픽, 2004년 아테네 올림픽, 2006년 토리노 동계올림픽 때 진행된 남북 공동 입장이 대표적이다. 2018년 평창 동계올림픽 때 남북이 다시 한반도기를 함께 들고 입장했지만, 남북 관계가 일시적 해빙에 그치면서 다음 차례는 기약하기 어려운 상황이다.",한국일보,https://n.news.naver.com/mnews/article/469/0000815375,79
1,0,2024-07-31 20:58:00,"""노조원만 200만원 복지 포인트 달라""…삼성전자 노사 협상 결렬","3일 간 집중 협상 결렬 사측, 향후 성과급 산정 기준 개선 등 약속했지만 전삼노, 새로운 요구 꺼내며 결렬 원인 제공 총파업 궐기대회에 참석한 전국삼성전자노조 조합원. 연합뉴스 삼성전자 노사가 지난 29일부터 사흘간 진행한 집중 교섭이 31일 결렬됐다. 사측이 향후 성과급 산정 기준 개선 등 전국삼성전자노동조합 의 요구를 수용하는 협상안을 제시했지만, 노조가 '200만원 상당 직원 전용 쇼핑몰 포인트 지급' 등 무리한 요구를 추가한 영향이 큰 것으로 분석된다. 전삼노의 대표 교섭 권한은 오는 5일 만료된다. 삼성전자 안팎에선 ""전삼노가 얻은 것 없이 노조원들에게 막대한 임금 손실 피해만 입혔다""는 지적이 나온다. 31일 산업계에 따르면 삼성전자 사측과 전삼노의 집중 교섭이 이날 오후 최종 결렬됐다. 양측은 지난 29일부터 경기 기흥의 한 사무실에서 교섭을 이어갔지만, 절충안을 도출하는 데 실패했다. 전삼노는 △노조창립기념일 유급 휴가 부여 △노조원 대상 추가 0.5% 임금인상 △향후 성과급 산정기준 개선 △파업 참여 노조원 임금손실 보상을 요구했다. 사측은 집중 교섭 기간 사실상 노조의 요구를 대부분 수용하는 안을 제시한 것으로 알려졌다. 예컨대 사측은 성","3일 간 집중 협상 결렬 사측, 향후 성과급 산정 기준 개선 등 약속했지만 전삼노, 새로운 요구 꺼내며 결렬 원인 제공 총파업 궐기대회에 참석한 전국삼성전자노조 조합원. 연합뉴스 삼성전자 노사가 지난 29일부터 사흘간 진행한 집중 교섭이 31일 결렬됐다. 사측이 향후 성과급 산정 기준 개선 등 전국삼성전자노동조합(전삼노)의 요구를 수용하는 협상안을 제시했지만, 노조가 '200만원 상당 직원 전용 쇼핑몰 포인트 지급' 등 무리한 요구를 추가한 영향이 큰 것으로 분석된다. 전삼노의 대표 교섭 권한은 오는 5일 만료된다. 삼성전자 안팎에선 ""전삼노가 얻은 것 없이 노조원들에게 막대한 임금 손실 피해만 입혔다""는 지적이 나온다. 31일 산업계에 따르면 삼성전자 사측과 전삼노의 집중 교섭이 이날 오후 최종 결렬됐다. 양측은 지난 29일부터 경기 기흥의 한 사무실에서 교섭을 이어갔지만, 절충안을 도출하는 데 실패했다. 전삼노는 △노조창립기념일 유급 휴가 부여 △노조원 대상 추가 0.5% 임금인상 △향후 성과급 산정기준 개선 △파업 참여 노조원 임금손실 보상을 요구했다. 사측은 집중 교섭 기간 사실상 노조의 요구를 대부분 수용하는 안을 제시한 것으로 알려졌다. 예컨대 사측은 성과급 산정 기준을 개선하고 그 과정에서 노조의 의견까지 수렴하겠다고 제안했다. 또 노조원들의 올해 연차의무사용일을 15일에서 10일로 줄여 남은 연차만큼 연차수당으로 보상받을 수 있도록 했다. 노조원들의 임금 손실을 최대한 줄여주기 위한 방안으로 평가된다. 유급 노조 활동을 인정하고, '전 직원'에게 사내 복지포인트인 '여가 포인트'를 50만 포인트 지급하는 안도 내놨다. 전삼노는 협상 막판에 교섭을 결렬시켰다. 전삼노가 노조원들에게 삼성 패밀리넷(임직원 대상 삼성전자 제품 구매 사이트)에서 현금 200만원의 가치가 있는 '200만 포인트'를 요구한 게 대표적인 사례로 꼽힌다. 노조원 임금 손실을 우회적으로 보전받기 위한 전략으로 분석된다. 사측 입장에선 받아들이기 어려운 요구안으로 분석된다. '무노동 무임금' 원칙에 어긋나기 때문이다. 이날 집중 교섭이 파행하면서 파업에 참여한 노조원들만 피해를 보게 됐다는 분석이 나온다. 전삼노의 교섭대표 노조 권한은 오는 5일 만료된다. 6일부터 다른 노조가 교섭을 요구하면 전삼노는 쟁의권을 잃게 된다. 남은 기간 추가적인 협상이 사실상 불가능한 상황에서 더 이상 합법적인 파업이 불가능해지는 것이다. 산업계 관계자는 ""전삼노는 결국 아무것도 얻지 못하고 노조원들에게 막대한 임금손실 피해만 입히게 됐다""고 지적했다. 전삼노는 다음달 1일 오전 이재용 삼성전자 회장 자택 앞에서 무노조 경영 폐기 약속 이행과 파업 해결을 촉구하는 기자회견을 열고 이후 파업 계획을 밝힐 계획인 것으로 알려졌다. 삼성전자 관계자는 ""전삼노와의 합의를 위해 마지막까지 최선을 다했지만 결국 결렬되어 안타깝다""며 ""앞으로도 계속 노조와 대화를 이어갈 계획이다""고 설명했다.",한국경제,https://n.news.naver.com/mnews/article/015/0005016744,3
2,1,2024-07-31 19:03:00,[속보]삼성전자 노사 '사흘 끝장교섭' 결렬,정보 없음,정보 없음,뉴스1,https://n.news.naver.com/mnews/article/421/0007700742,24
3,2,2024-07-31 22:21:00,"“좋은 소식 연달아 들리네요”...美 폭풍제재에 반사이익, 실적도 뚫은 ‘이것’","반도체 장비규제 동맹국 제외 삼성 SK하이닉스 주가 반등 삼성 2분기 DS서만 6.4조 벌어 내년 HBM 생산 2배 늘리기로 조 바이든 미국 행정부가 8월부터 대 중국 반도체 장비 수출 규제를 강화한다. 다만 한국 일본 네덜란드를 비롯한 30여 개 동맹국은 예외를 적용받을 것으로 보인다. 31일 로이터통신은 익명의 소식통을 인용해 미국이 다른 나라에서 중국으로 반도체 장비를 수출하지 못하도록 규제하는 조치를 확대하는 내용의 새로운 규정을 발표할 계획이라고 보도했다. 이 규정은 미국산 소프트웨어나 장비 기술이 사용되면, 다른 나라에서 만든 제품이라도 수출할 때 미국 정부의 허가를 받도록 규정한 ‘해외직접생산품규칙 ’을 확장하는 것을 골자로 한다. 해외직접생산품규칙은 지금까지 화웨이가 외국 반도체를 수입하지 못하게 막는 데 이용돼왔다. 새로운 규정에 따르면 중국의 첨단 반도체 제조 핵심인 약 6개의 팹 에 장비를 수출하는 것이 사실상 금지된다. 다만 중국 공장 중 어떤 곳이 영향을 받을지는 확인되지 않았다고 로이터통신은 전했다. 이날 삼성전자와 SK하이닉스 주가는 오후 들어 급등하면서 각각 3.58%, 3.02% 오른 채 거래를 마쳤다. 한편 이날 삼성전자는 올","반도체 장비규제 동맹국 제외 삼성·SK하이닉스 주가 반등 삼성 2분기 DS서만 6.4조 벌어 내년 HBM 생산 2배 늘리기로 [사진 = 연합뉴스] 조 바이든 미국 행정부가 8월부터 대(對)중국 반도체 장비 수출 규제를 강화한다. 다만 한국·일본·네덜란드를 비롯한 30여 개 동맹국은 예외를 적용받을 것으로 보인다. 31일(현지시간) 로이터통신은 익명의 소식통을 인용해 미국이 다른 나라에서 중국으로 반도체 장비를 수출하지 못하도록 규제하는 조치를 확대하는 내용의 새로운 규정을 발표할 계획이라고 보도했다. 이 규정은 미국산 소프트웨어나 장비·기술이 사용되면, 다른 나라에서 만든 제품이라도 수출할 때 미국 정부의 허가를 받도록 규정한 ‘해외직접생산품규칙(FDPR)’을 확장하는 것을 골자로 한다. 해외직접생산품규칙은 지금까지 화웨이가 외국 반도체를 수입하지 못하게 막는 데 이용돼왔다. 새로운 규정에 따르면 중국의 첨단 반도체 제조 핵심인 약 6개의 팹(반도체 생산공장)에 장비를 수출하는 것이 사실상 금지된다. 다만 중국 공장 중 어떤 곳이 영향을 받을지는 확인되지 않았다고 로이터통신은 전했다. 이날 삼성전자와 SK하이닉스 주가는 오후 들어 급등하면서 각각 3.58%, 3.02% 오른 채 거래를 마쳤다. 한편 이날 삼성전자는 올해 2분기 실적 확정치를 발표하면서 영업이익 10조4439억원을 기록해 전년 동기보다 1462.3% 증가했다고 밝혔다. 반도체 사업을 담당하는 디바이스솔루션(DS)부문에서 영업이익 6조4500억원을 기록해 전체 실적을 끌어올렸다. 삼성전자는 내년 고대역폭메모리(HBM) 생산량을 올해보다 2배 이상 늘린다는 방침이다.",매일경제,https://n.news.naver.com/mnews/article/009/0005343530,2
4,3,2024-07-31 20:21:00,"삼성전자 노사 '끝장 교섭' 결렬... 노조 ""이재용 회장 자택 앞 해결 촉구 회견""","사흘간의 임금협상 성과 없이 끝나 8일 시작된 총파업 당분간 계속될 듯 사측 ""경영, 생산 차질 없도록 하겠다"" 삼성전자 노사가 29일부터 사흘간 벌인 끝장교섭이 31일 결렬됐다. 사진은 22일 오전 경기도 용인시 삼성전자 기흥캠퍼스 세미콘 스포렉스에서 전국삼성전자노동조합 조합원들이 총파업 승리 궐기대회를 하는 모습. 연합뉴스 제공 삼성전자 노사가 임금 인상 등을 두고 사흘간 진행했던 '끝장 교섭'이 31일 결렬됐다. 양측은 협상안을 주고받으며 논의를 펼쳤고 일부 사안에선 진전도 있었지만 합의점은 찾지 못했다. 전국삼성전자노동조합 은 이재용 삼성전자 회장 자택 회견을 예고하며 강경 대응에 나섰다. 삼성전자 최대 노조인 전삼노와 사측은 지난 29일부터 이날까지 삼성전자 시흥캠퍼스 인근에서 3일에 걸쳐 협상을 진행했다. 불필요한 갈등과 마찰을 피하려 구체적인 회의 장소는 비공개에 부첬다. 30일엔 12시간에 걸친 마라톤 협상이 진행됐다. 전삼노는 △기본 임금 인상률 3.5%를 포함한 평균 임금 인상률 5.6% △노조 창립휴가 1일 보장 △초과이익성과급 과 목표달성장려금 제도 개선 △노조 조합원 파업 참여에 따른 경제적 손실 보상 등을 요구했다. 반면 사측은 임금","사흘간의 임금협상 성과 없이 끝나 8일 시작된 총파업 당분간 계속될 듯 사측 ""경영, 생산 차질 없도록 하겠다"" 삼성전자 노사가 29일부터 사흘간 벌인 끝장교섭이 31일 결렬됐다. 사진은 22일 오전 경기도 용인시 삼성전자 기흥캠퍼스 세미콘 스포렉스에서 전국삼성전자노동조합 조합원들이 총파업 승리 궐기대회를 하는 모습. 연합뉴스 제공 삼성전자 노사가 임금 인상 등을 두고 사흘간 진행했던 '끝장 교섭'이 31일 결렬됐다. 양측은 협상안을 주고받으며 논의를 펼쳤고 일부 사안에선 진전도 있었지만 합의점은 찾지 못했다. 전국삼성전자노동조합(전삼노)은 이재용 삼성전자 회장 자택 앞 기자회견을 예고하며 강경 대응에 나섰다. 삼성전자 최대 노조인 전삼노와 사측은 지난 29일부터 이날까지 삼성전자 시흥캠퍼스 인근에서 3일에 걸쳐 협상을 진행했다. 불필요한 갈등과 마찰을 피하려 구체적인 회의 장소는 비공개에 부첬다. 30일엔 12시간에 걸친 마라톤 협상이 진행됐다. 전삼노는 △기본 임금 인상률 3.5%를 포함한 평균 임금 인상률 5.6% △노조 창립휴가 1일 보장 △초과이익성과급(OPI)과 목표달성장려금(TAI) 제도 개선 △노조 조합원 파업 참여에 따른 경제적 손실 보상 등을 요구했다. 반면 사측은 임금 인상률 5.1%를 고집했다. 앞서 전삼노는 사측이 구체적인 협상안을 가져오지 않고 있다며 불만을 드러내기도 했다. 이날 협상 결렬로 8일부터 시작된 총파업은 더욱 장기화할 것으로 보인다. 전삼노 조합원 약 3만5,000명 중 상당수가 반도체 라인에 있는 만큼, 삼성전자 주력 사업인 반도체 생산공정 차질이 우려된다. 노조원들도 강경한 입장을 보이고 있다. 협상 결렬을 알린 홈페이지 게시글엔 ""장기전에 대비하자"", ""전쟁을 하자"", ""다 깨부수자""는 등 격한 반응이 쏟아졌다. 전삼노는 1일 오전 이재용 회장의 서울 용산구 자택 앞에서 파업 해결 촉구 기자회견을 연다. 전삼노는 ""파업 24일이 지났지만 정작 이 회장은 아무런 입장조차 밝히지 않고 있다""며 ""지금이라도 책임 있는 자세를 보여줘야 한다""고 강조했다. 전삼노의 대표교섭노조 지위는 다음 달 4일까지 유지된다. 이때까지 노조 합의가 이뤄지지 않으면 전삼노는 다시 대표교섭노조 지위를 획득해 쟁의권을 확보해야 한다. 하지만 전삼노의 투쟁 행보에 대해 다른 노조들이 입장차를 보이고 있어 대표교섭노조 지위를 다시 얻을 수 있을지는 미지수다. 현재 삼성전자엔 전삼노 이외에 사무직노조, 구미네트워크노조, 삼성전자노조 동행, DX(디바이스경험)노조 등이 있다. 사측은 이날 2분기 실적 발표 콘퍼런스콜에서 ""파업이 조기 종결될 수 있도록 노조와 지속적으로 소통과 협의를 하고 있다""며 ""파업에도 고객 물량 대응에는 전혀 문제가 없고 파업이 지속되더라도 경영과 생산에 차질이 없도록 최선을 다하겠다""고 밝혔다.",한국일보,https://n.news.naver.com/mnews/article/469/0000815418,4
5,4,2024-07-31 20:45:00,"삼성전자, 노사 ‘끝장교섭’ 최종결렬…교섭권 4일까지, 전삼노 ‘수위’ 높일까? [종합]","오전 10시~오후 6시30분 협상 진행에도 절충안 도출 못해 노측 간 ‘견해차 발생’ 향후 전망 안개 속 노-사간 ‘냉랭한 기후’ 이어질 가능성 높아 삼성전자 최대 노조인 전국삼성전자노동조합 이 앞서 진행한 1차 총파업 당시. 당시 파업은 창사 55년만의 첫 총파업이었다. 화성= 장기간 파업을 이어 온 전국삼성전자노동조합 와 삼성전자 사측이 지난 29일부터 사흘간 진행한 ‘끝장 교섭’에도 합의점을 찾지 못했다. 앞으로 노사 양측 간에는 당분간 냉랭한 기후가 이어질 것으로 전망되면서 향후 반도체 산업과 우리 경제에 미칠 영향에 대한 우려가 제기된다. 31일 업계에 따르면 이날 삼성전자 사측과 전삼노는 경기도 기흥의 한 사무실에서 진행된 3일간의 협상에서 ‘최종 결렬’을 선언했다. 삼성전자 노사는 이날 오전 10시부터 오후 6시30분까지 3일차 교섭을 진행했지만, 절충안을 도출하지 못했다. 전삼노가 사측에 제시한 조건은 평균 임금인상률 5.6% 노조 창립휴가 1일 보장 성과급 제도 개선 파업에 따른 경제적 손실 보상 등이었다. 사측은 “노측의 요구를 현실적으로 받아들이기 어렵다”고 우려하면서도, 적극적으로 협상에 임해온 것으로 전해졌다. 삼성전자 사측은 앞서 진","오전 10시~오후 6시30분 협상 진행에도 절충안 도출 못해 노측 간 ‘견해차 발생’ 향후 전망 안개 속 노-사간 ‘냉랭한 기후’ 이어질 가능성 높아 삼성전자 최대 노조인 전국삼성전자노동조합(전삼노)이 앞서 진행한 1차 총파업 당시. 당시 파업은 창사 55년만의 첫 총파업이었다. 화성=이상섭 기자 [헤럴드경제=김성우 기자] 장기간 파업을 이어 온 전국삼성전자노동조합(전삼노)와 삼성전자 사측이 지난 29일부터 사흘간 진행한 ‘끝장 교섭’에도 합의점을 찾지 못했다. 앞으로 노사 양측 간에는 당분간 냉랭한 기후가 이어질 것으로 전망되면서 향후 반도체 산업과 우리 경제에 미칠 영향에 대한 우려가 제기된다. 31일 업계에 따르면 이날 삼성전자 사측과 전삼노는 경기도 기흥의 한 사무실에서 진행된 3일간의 협상에서 ‘최종 결렬’을 선언했다. 삼성전자 노사는 이날 오전 10시부터 오후 6시30분까지 3일차 교섭을 진행했지만, 절충안을 도출하지 못했다. 전삼노가 사측에 제시한 조건은 ▷평균 임금인상률 5.6%(기본 인상률 3.5%+성과 인상률 2.1%) ▷노조 창립휴가 1일 보장 ▷성과급 제도 개선 ▷파업에 따른 경제적 손실 보상 등이었다. 사측은 “노측의 요구를 현실적으로 받아들이기 어렵다”고 우려하면서도, 적극적으로 협상에 임해온 것으로 전해졌다. 삼성전자 사측은 앞서 진행한 2분기 콘퍼런스콜을 통해서 “파업이 조기 종결될 수 있도록 노조와 지속적으로 소통과 협의를 하고 있다”면서 “파업에도 고객 물량 대응에 전혀 문제가 없지만, 노조 파업이 지속되더라도 경영과 생산에 차질이 없도록 적법한 범위에서 최선을 다하겠다”고 설명한 바 있다. 현재 대표 교섭노조 지위를 유지하고 있는 전삼노의 교섭권은 내달 4일까지다. 전삼노가 주도해 온 무기한 총파업도 내달 4일까지는 유지될 것으로 예상된다. 다만 이후 다른 노조가 교섭권을 요구할 경우에는 개별 교섭이 진행되거나 교섭 창구 단일화 절차를 밟아야만 파업을 이어갈 수 있다. 전삼노도 지난 23일 유튜브를 통해 진행한 라이브 방송에서 “8월 5일 변경사항이 생길 가능성이 있고, 혹시 모를 상황에 대비해 그 기간 안에 (교섭을) 끝내려고 한다”고 설명한 바 있다. 삼성전자엔 현재 사무직노조(1노조), 구미네트워크노조(2노조), 삼성전자노조 동행(동행노조·3노조), 전삼노(4노조), DX(디바이스경험)노조(5노조)가 있다. 이들은 단일 교섭창구를 구성해 협상에 임해왔지만, 장기간 파업으로 현재는 견해차가 생긴 상황이다. 제3노조인 동행노조는 지난 26일 “기대했던 대표 노동조합의 총파업을 통한 협상이 회사와의 첨예한 대립으로 더 이상 합리적인 결과를 기대할 수 없는 길로 들어서고 있다”면서 “지금은 잘 보이지 않는 강성 노조의 힘은 앞으로 우리의 발목을 잡고 실망만 안겨줄 것”이라며 전삼노에 대한 비판의 수위를 높였다. 삼성전자 최대 노조인 전국삼성전자노동조합이 1차 총파업 돌입 당시 모습. 화성시 삼성전자 화성사업장 H1 정문 앞에서 열린 총파업 궐기대회에서 노조원들이 구호를 외치고 있다. 화성=이상섭 기자 동행노조가 향후 총파업에 반대 입장을 낼 경우 전삼노 주도의 현재 총파업 구도는 자연스레 막을 내리게 된다. 전삼노는 지난 8일 1차 총파업을 시작했고 11일부터는 무기한 총파업을 진행해 왔다. 이 경우 무기한 총파업을 선언한 뒤 25일만에 멈추게 된다. 다만 노사 간 불편한 관계가 당분간 유지될 것으로 전망된다. 전삼노는 1일 오전 이재용 삼성전자 회장 자택 앞에서 무노조 경영 폐기 약속 이행과 파업 해결을 촉구하는 기자회견을 연다. 이 자리에서 향후 파업 계획을 밝힐 예정이다. 당분간 더욱 강도 높은 행동이 이어질 가능성도 배제할 수 없다. 현재 주요 선진국들이 ‘전쟁’으로 표현될 만큼 치열한 경쟁 구도를 띠고 있는 시점에서는 아쉬운 대목이다. 삼성전자는 파운드리(반도체 위탁생산) 분야에서 대만 TSMC와 격차를 줄여야 하고, HBM은 SK하이닉스와의 간극을 좁히는 데 주력해야 하는 상황에 놓여있다. 삼성전자만의 문제도 아니다. 반도체는 우리나라 최대 수출 품목으로, 반도체가 올해 우리나라 수출을 이끄는 품목이다. 실제 6월 반도체 수출은 역대 최대치를 기록했다. 한편 업계 일각에서는 노측이 파업의 동력을 상실했다는 의견도 나온다. 노측이 성과급에 대한 불만으로 총파업에 들어갔지만, 2분기 ‘메모리 슈퍼사이클’이 시작될 조짐이 보이면서 삼성전자 SD 부문 직원들이 받게 될 영업이익은 연봉의 40%에 달하는 높은 수준이 될 것으로 전망되고 있어서다. 올해 초 사측의 경영 계획 상 OPI 기준에 따르면, DS부문의 올해 연간 영업이익이 11조원일 경우 OPI는 연봉의 0~3%, 29조원이면 50%가 지급된다. 연초만해도 반도체 업황의 호전이 불투명했기 때문에 DS부분 직원들은 0~3% 지급안에 대해 반발한 바 있다. 전삼노 조합원은 7월 기준 3만657명으로, 반도체사업을 담당하는 디바이스솔루션(DS) 부문이 상당수를 차지하고 있다. 그럼에도 전삼노는 무리한 협상기조를 이어왔다. 끝장 교섭이 시작된 29일에는 “사측이 파업을 방해하고 있다”는 의견을 홈페이지에 게시했다. 이를 통해 “일부 고과권자들이 파업에 참여한 조합원들에게 부당한 대우를 했다”고 주장해 빈축을 샀다.",헤럴드경제,https://n.news.naver.com/mnews/article/016/0002343635,2
6,5,2024-07-31 18:03:00,"""강원형 반도체 생태계 구축… 삼성 같은 대기업 유치할것""[로컬 포커스 자치단체장을 만나다]","글로벌 경제도시 도전하는 원강수 원주시장 2년간 기업 28곳 7천억 투자 확보 의료기기 넘어 산업분야 다양화 2차전지 바이오 방산 등으로 확대 김진태 지사와 반도체 육성 협력 상지대에 전문인력 교육원 열고 KTC와 테스트베드 건설도 속도 【파이낸셜뉴스 원주= 】 원주시의 성장세가 무섭다. 불과 수년 전만해도 강원특별자치도내에서 춘천시와 어깨를 나란히 하며 성장했던 원주시. 하지만 민선 8기 들어 2년만에 28개 기업을 유치하고 투자유치자금만 7000억원에 육박하는 성과를 내면서 도 내 수부도시 춘천과 격차를 벌리고 있다. 원주시는 이미 경쟁 상대를 강원특별자치도에서 벗어나 해외에서 찾고 있다. 강원특별자치도 원주시가 아니라 대내외적으로 '대한민국 원주시'로 통용될 수 있는 글로벌 경제도시를 꿈꾼다. 원강수 원주시장이 최근 시청 집무실에서 반도체산업 유치 전략을 설명하고 있다. 원주시 제공 원주시가 단 2년만에 이룬 괄목할만한 성장세는 원강수 시장의 탁월한 리더십이 있었기에 가능했다. 원 시장은 취임 이후 '기업하기 좋은 경제도시 원주'를 만들겠다는 일념으로 적재적소에 유능한 인재를 배치, 극강의 효율성을 이끌어 냈다. 대표적인 사례가 원주기업도시다. 2005","글로벌 경제도시 도전하는 원강수 원주시장 2년간 기업 28곳 7천억 투자 확보 의료기기 넘어 산업분야 다양화 2차전지·바이오·방산 등으로 확대 김진태 지사와 반도체 육성 협력 상지대에 전문인력 교육원 열고 KTC와 테스트베드 건설도 속도 【파이낸셜뉴스 원주=김기섭 기자】 원주시의 성장세가 무섭다. 불과 수년 전만해도 강원특별자치도내에서 춘천시와 어깨를 나란히 하며 성장했던 원주시. 하지만 민선 8기 들어 2년만에 28개 기업을 유치하고 투자유치자금만 7000억원에 육박하는 성과를 내면서 도 내 수부도시(주요 거점도시) 춘천과 격차를 벌리고 있다. 원주시는 이미 경쟁 상대를 강원특별자치도에서 벗어나 해외에서 찾고 있다. 강원특별자치도 원주시가 아니라 대내외적으로 '대한민국 원주시'로 통용될 수 있는 글로벌 경제도시를 꿈꾼다. 원강수 원주시장이 최근 시청 집무실에서 반도체산업 유치 전략을 설명하고 있다. 원주시 제공 원주시가 단 2년만에 이룬 괄목할만한 성장세는 원강수 시장의 탁월한 리더십이 있었기에 가능했다. 원 시장은 취임 이후 '기업하기 좋은 경제도시 원주'를 만들겠다는 일념으로 적재적소에 유능한 인재를 배치, 극강의 효율성을 이끌어 냈다. 대표적인 사례가 원주기업도시다. 2005년 선정되고 2021년 용지 분양이 완료됐지만 정작 기업들이 입주하지 않아 제자리를 찾지 못하고 겉돌았다. 하지만 기업유치를 통해 장기 미착공 부지를 해소하면서 활기를 띠고 있다. 시대 흐름을 읽는 리더십도 원주시의 초고속 성장에 원동력이 됐다. 원강수 시장은 의료기기 산업에만 매달리던 원주시의 산업 생태계에 변화를 주기 시작했다. 인공지능(AI)이 일상화되는 시대적 흐름을 읽고 '반도체 산업' 육성에 나섰다. 취임 초기 직원들조차 만류했지만 원 시장의 뚝심은 통했다. 반도체 소재·부품·장비 관련 기업들이 원주에 둥지를 틀기 시작하면서 기대 이상의 성과를 내고 있다. 원강수 시장은 파이낸셜뉴스와 인터뷰에서 ""선거를 앞두고 경제분야 공약에 삼성전자를 유치하겠다고 콕 집어서 얘기했더니 유치 못하면 어떡하냐며 주변에서 말렸다. 하지만 목표를 세우고 가는게 당연한 거고 유치 못한다하더라도 그 과정에서 성과를 낼 수 있기에 걱정하지 말라고 했다""며 반도체 산업을 육성하게 된 계기를 설명했다. 그는 ""강원도라는 말이 붙어서 멀게 느껴지지만 실제 원주시는 서울에서 보면 경기도 평택보다 더 가깝다. 최근 반도체 관련 기반 시설들이 조성되면서 반도체 소부장 기업들이 들어오고 있고 앞으로 반도체 클러스터가 형성되면 대한민국 최고의 글로벌 경제도시로 성장할 수 있을 것""이라며 자신감을 드러냈다. 다음은 원 시장과 일문일답 ―민선 8기 취임 이후 가장 큰 성과를 낸 분야는 뭔가. ▲취임과 동시에 대한민국 최대 경제도시 원주를 선포했다. 그동안 강원도내에서만 경제도시 원주라는 목표를 지향했는데 이제는 강원도를 벗어나 대한민국 최고의 경제도시를 만들고 싶었다. 원주시의 잠재된 에너지도 충분했다. 그래서 목표를 정하고 전방위로 노력한 결과 민선8기 들어 28개 기업을 유치했다. 특히 올해 들어서만 16개 기업을 유치했고 800명 이상 일자리를 만들었다. 투자유치 자금만 4500억원이 넘는다. ―반도체 육성 전략을 펼쳐왔다. 성과를 설명해달라. ▲김진태 강원특별자치도지사와 함께 선거 운동을 하면서 반도체 산업을 육성하겠다고 약속했고 그 약속들이 이행되고 있다. 우선 반도체산업 생태계 조성을 위한 인력 양성과 테스트 베드 구축, 부지 조성, 기업 투자 유치 등 반도체 관련 4대 전략사업이 진행되고 있고 국비도 1500억원 이상 확보했다. 의료 AI 반도체 전문인력 양성센터, 반도체 소모품 실증센터, 미래차 전장부품 시스템반도체 신뢰성검증센터도 원주에 건설된다. 원주로 이전하는 반도체 기업은 인테그리스코리아, 지큐엘, 디에스테크노 등이 있다. 남은 임기동안 강원특별자치도와 협력해 강원형 반도체 생태계를 구축하는데 매진할 계획이다. ―반도체 관련 최종 목표는 무엇인가. ▲선거 운동을 하면서 경제 공약으로 삼성전자를 유치하겠다고 했다. 주변에서 만류했지만 삼성전자를 유치하겠다는 목표를 갖고 추진하다보면 그 과정에서 반도체 산업 기반이 구축되고 기업들도 유치할 것으로 봤다. 다행히도 반도체 인력 양성을 담당하고 있는 한국반도체교육원이 지난 15일 원주 상지대에 문을 열고 강의를 시작했다. 원주에 입주한 한국반도체교육원은 국내 최초의 공공형 반도체 전문 교육기관이라는 점에서 큰 의미가 있다. 여기에 강원특별자치도, 한국기계전기전자시험연구원(KTC)과 손잡고 원주에 강원형 반도체 테스트베드를 구축하게 된다. 취임 초기 원주시가 무슨 반도체 산업을 육성하겠느냐는 말들이 많았다. 하지만 2년이 지난 지금 그들의 생각이 틀렸다는 걸 보여주고 있다. 앞으로 더 많은 성장을 하게 될 것이다. 공약은 삼성전자 유치였지만 삼성전자만큼 큰 대기업을 유치하는 것이 최종 목표다. 현재 해외 반도체 기업과도 접촉하고 있다. ―원주시 전략업종이 다양해졌는데. ▲원주시가 반도체 산업 육성에 힘을 쏟고 있지만 그렇다고 한 업종에만 치중하지는 않는다. 민선 8기 들어 유치한 28개 기업들을 살펴보면 다양한 업종들이 원주시에 둥지를 튼 것을 알 수 있다. 반도체 관련 기업도 있고 의료기기 업체는 물론 2차전지, 제약바이오, 재생에너지, 방위산업체 등 다양한 분야의 유망 기업들이 이전하고 있다. 올해 상반기 강원특별자치도에 투자를 약속한 17개 기업 중 90%가 넘는 16개 기업이 원주시로 이전하겠다고 약속한 것은 그만큼 원주시가 기업하기 좋은 여건을 조성했음을 방증하는 것이라고 생각한다. ―유망 기업들을 다수 유치한 비결은. ▲기업을 유치하려면 타 지자체와 다른 전략을 펼쳐야 한다. 기존 관료주의적인 인식으로는 절대 기업을 유치할 수 없다. 그래서 가장 중점을 두고 실행한 것이 기업 유치에 나설 조직 구성이었다. 경제국 산하에 투자유치과를 새로 만들었고 공장설립 인허가 프로세스 개선을 위한 공장설립 전담팀도 창단했다. 투자유치과가 최전방 부대 역할을 한다면 공장설립 전담팀은 유치한 기업이 서둘러 공장을 지을 수 있도록 조력자 역할을 하고 있다. 여기에 공장 설립 승인 후 건축허가 절차가 진행됐던 기존 8단계의 프로세스를 '건축허가 의제' 처리를 통해 4단계로 대폭 줄였다. 기존 40~100일 정도 소요됐던 중대 규모 공장 인허가 기간이 최장 30여일 단축될 수 있는 여건이 조성됐다. ―민선8기 반환점을 돌았다. 아쉬운 점이 있다면. ▲지난 10여년간 원주시가 산업단지를 만들지 않았다. 정말 미스터리한 일이다. 민선 8기 들어 2년동안 수많은 기업들이 원주로 이전하면서 이제는 산업단지가 턱없이 부족한 상태가 됐다. 이점이 가장 아쉬운 부분이다. 그래서 지난해부터 산업단지 확보에 행정력을 집중하고 있다. 십수년간 제자리걸음을 걷던 부론일반산업단지를 비롯해 현재까지 6개의 산업단지를 조성하고 있다. 장기적으로 원주시가 글로벌 경제도시로 성장하기 위해서는 반드시 산업단지를 확보해야만 하고 그래야 대기업을 유치할 수 있다고 생각한다.",파이낸셜뉴스,https://n.news.naver.com/mnews/article/014/0005221555,3
7,6,2024-07-31 19:40:00,"삼성전자 노사, ‘끝장 교섭’에도 결국 결렬","삼성전자 노사간 임금협상이 결국 결렬됐다. 31일 업계에 따르면 삼성전자 사측과 전국삼성전자노동조합 는 지난 29일부터 경기 기흥 한 사무실에서 이날까지 3일간 '끝장 교섭'을 진행했지만 오후 교섭이 결렬됐다. 전삼노는 이날 조합원 공지를 통해 ""3일간 집중교섭에서 합의점을 찾지 못해 현재 오후 6시30분으로 최종 결렬됐다""고 밝혔다. 노사간 교섭은 이날 오전 10시부터 시작됐다, 전삼노의 단독 교섭권은 다음달 4일 종료된다. 내달 5일 이후 1개 노조라도 사측에 교섭을 요구하면 개별 교섭이 진행되거나 다시 교섭 창구 단일화를 진행해야 해 추후 향방에 관심이 쏠린다. 앞서 초기업노조 삼성전자지부는 전삼노에 지지 입장을 표명하면서 교섭창구단일화 요구 계획이 없다고 밝힌 상태다. 사측은 이날 2분기 콘퍼런스콜에서 ""파업이 조기 종결될 수 있도록 노조와 지속적으로 소통과 협의를 하고 있다""며 ""파업에도 고객 물량 대응에 전혀 문제가 없다. 노조 파업이 지속되더라도 경영과 생산에 차질이 없도록 적법한 범위에서 최선을 다하겠다""고 전했다. 전국삼성전자노동조합 이 지난 8일 삼성 화성사업장에서 총파업 결의대회를 열고 있다. 전삼노 유튜브 채널 캡쳐.","삼성전자 노사간 임금협상이 결국 결렬됐다. 31일 업계에 따르면 삼성전자 사측과 전국삼성전자노동조합(전삼노)는 지난 29일부터 경기 기흥 한 사무실에서 이날까지 3일간 '끝장 교섭'을 진행했지만 오후 교섭이 결렬됐다. 전삼노는 이날 조합원 공지를 통해 ""3일간 집중교섭에서 합의점을 찾지 못해 현재 오후 6시30분으로 최종 결렬됐다""고 밝혔다. 노사간 교섭은 이날 오전 10시부터 시작됐다, 전삼노의 단독 교섭권은 다음달 4일 종료된다. 내달 5일 이후 1개 노조라도 사측에 교섭을 요구하면 개별 교섭이 진행되거나 다시 교섭 창구 단일화를 진행해야 해 추후 향방에 관심이 쏠린다. 앞서 초기업노조 삼성전자지부는 전삼노에 지지 입장을 표명하면서 교섭창구단일화 요구 계획이 없다고 밝힌 상태다. 사측은 이날 2분기 콘퍼런스콜에서 ""파업이 조기 종결될 수 있도록 노조와 지속적으로 소통과 협의를 하고 있다""며 ""파업에도 고객 물량 대응에 전혀 문제가 없다. 노조 파업이 지속되더라도 경영과 생산에 차질이 없도록 적법한 범위에서 최선을 다하겠다""고 전했다. 전국삼성전자노동조합(이하 전삼노)이 지난 8일 삼성 화성사업장에서 총파업 결의대회를 열고 있다. 전삼노 유튜브 채널 캡쳐.",디지털타임스,https://n.news.naver.com/mnews/article/029/0002891950,2
8,7,2024-07-31 17:31:00,"법사위, 다음달 14일 김영철 검사 탄핵 청문회 연다","김건희 여사 이원석 檢총장 등 증인 20명 채택 정청래 법사위원장이 31일 오전 서울 여의도 국회에서 열린 법제사법위원회 전체회의에서 김영철 차장검사의 탄핵소추안을 상정하고 탄핵소추사건 조사 계획서 채택의 건을 의결하고 있다. 2024.7.31. 뉴스1 국회 법제사법위원회가 다음달 14일 윤석열 대통령의 부인 김건희 여사 관련 의혹 사건을 수사한 김영철 서울북부지검 차장검사에 대한 탄핵소추안 관련 청문회를 열기로 했다. 청문회 증인으로는 김 여사와 이원석 검찰총장, 최서원 씨의 조카 장시호 씨 등 20명을 채택했다. 법사위는 31일 전체회의를 열어 김 차장검사의 탄핵안을 상정하고 탄핵소추 사건 조사계획서 및 청문회 증인 출석 요구의 건을 더불어민주당을 비롯한 야당 주도로 의결했다. 검사 탄핵 자체에 반대해 온 국민의힘은 조사계획서 채택 건에 대한 거수 표결에 불참했고, 증인 출석 요구 건에 대해선 전원 반대표를 던졌다. 김 차장검사는 2022, 2023년 서울중앙지검 반부패수사2부장으로 근무하며 △코바나컨텐츠 기업 협찬 사건 △삼성전자의 아크로비스타 전세권 설정 사건 △도이치파이낸셜 주식 저가 매수 사건 등 윤 대통령과 김 여사 관련 의혹 사건을 담당했다. ","김건희 여사·이원석 檢총장 등 증인 20명 채택 정청래 법사위원장이 31일 오전 서울 여의도 국회에서 열린 법제사법위원회 전체회의에서 김영철 차장검사의 탄핵소추안을 상정하고 탄핵소추사건 조사 계획서 채택의 건을 의결하고 있다. 2024.7.31. 뉴스1 국회 법제사법위원회가 다음달 14일 윤석열 대통령의 부인 김건희 여사 관련 의혹 사건을 수사한 김영철 서울북부지검 차장검사에 대한 탄핵소추안 관련 청문회를 열기로 했다. 청문회 증인으로는 김 여사와 이원석 검찰총장, 최서원(개명 전 최순실) 씨의 조카 장시호 씨 등 20명을 채택했다. 법사위는 31일 전체회의를 열어 김 차장검사의 탄핵안을 상정하고 탄핵소추 사건 조사계획서 및 청문회 증인 출석 요구의 건을 더불어민주당을 비롯한 야당 주도로 의결했다. 검사 탄핵 자체에 반대해 온 국민의힘은 조사계획서 채택 건에 대한 거수 표결에 불참했고, 증인 출석 요구 건에 대해선 전원 반대표를 던졌다. 김 차장검사는 2022, 2023년 서울중앙지검 반부패수사2부장으로 근무하며 △코바나컨텐츠 기업 협찬 사건 △삼성전자의 아크로비스타 전세권 설정 사건 △도이치파이낸셜 주식 저가 매수 사건 등 윤 대통령과 김 여사 관련 의혹 사건을 담당했다. 민주당은 김 차장검사가 이 사건들에 대해 봐주기식 수사를 해 직무를 유기하고 정치적 중립 의무를 위반했다고 주장하고 있다. 민주당은 또 김 차장검사가 국정농단 사건 특검 파견 당시 장시호 씨에게 법정에서 허위 증언을 하도록 교사했다는 의혹과 송영길 전 대표 등이 연루된 민주당 전당대회 돈 봉투 사건을 위법하게 별건 수사했다는 내용도 탄핵소추 사유에 포함했다. 당초 두 사건 관련 국민의힘과 민주당 전현직 의원들을 증인으로 신청해야 한다는 의견도 있었으나, 여야 간사 협의 결과 최종 명단에서 빼기로 했다. 이날 법사위는 증인과 참고인으로 총 25명을 채택했다. 증인으로는 탄핵소추 당사자인 김 차장검사를 비롯해 김 여사와 이 총장, 장시호 씨 등이 이름을 올렸다. 김 여사 주가조작 의혹 핵심 인물인 이종호 전 블랙펄인베스트먼트 대표와 권오수 전 도이치모터스 회장도 명단에 포함됐다. 참고인으로는 김 차장검사 관련 기사를 작성한 기자 4명과 장시호 씨의 변호인이었던 변호사가 채택됐다. 대검찰청은 법사위가 청문회 증인으로 이 총장과 김 차장검사를 채택한 데 대해 반발했다. 대검은 이날 기자들에게 배포한 입장문에서 “근거 없는 탄핵 사유로 검사를 겁박하고, 검찰의 정치적 중립과 헌법상의 삼권분립 원칙을 무너뜨리는 탄핵 절차가 추진되는 것에 대해 깊은 유감을 표한다”며 “검찰은 어떠한 외압에도 굴하지 않고 헌법과 법률에 따라 책무를 다할 것”이라고 밝혔다.",동아일보,https://n.news.naver.com/mnews/article/020/0003579600,2
9,8,2024-07-31 20:14:00,올림픽 깜짝 銀… 드라마 쓴 北 탁구·다이빙 [파리 2024],탁구 혼합복식 리정식 김금용 은메달 선물 첫 국제무대 16강선 세계 2위 日 꺾어 女싱크로 10m 김미래 조진미 다이빙 첫 銀 세계랭킹도 국제대회 경험도 없던 북한 선수들이 2024 파리 올림픽 탁구와 다이빙 종목서 은메달을 연달아 목에 걸었다. 한국 선수들도 동메달을 수확한 탁구 시상식에는 태극기와 인공기가 함께 게양됐다. 북한의 리정식 김금용은 지난 30일 프랑스 파리의 사우스 파리 아레나에서 열린 탁구 혼합복식 결승전에서 중국의 왕추친 쑨잉사에게 2-4 로 아쉽게 패해 2위에 올랐다. 북한의 이번 대회 첫 메달이자 2016 리우데자네이루 올림픽 이후 8년 만에 따낸 메달이다. 북한은 신종 코로나바이러스 감염증 으로 인해 2020 도쿄 올림픽에는 불참했다. 북한 리정식 김금용이 30일 프랑스 파리 사우스 파리 아레나4에서 열린 2024 파리올림픽 탁구 혼합복식 결승전에서 중국의 왕추진-쑨잉사와 대결을 펼치고 있다. 파리=연합뉴스 리정식 김금용 조는 그간 국제대회 무대를 밟지 못해 세계랭킹에도 포함되지 못했다. 그러나 이들은 16강전에서 세계랭킹 2위인 일본 하리모토 도모카즈 하야타 히나 조를 4-1로 꺾으며 이번 대회 최대 이변을 연출했다. 리정식?김금용,"탁구 혼합복식 리정식·김금용 은메달 선물 첫 국제무대… 16강선 세계 2위 日 꺾어 女싱크로 10m 김미래·조진미 다이빙 첫 銀 세계랭킹도 국제대회 경험도 없던 북한 선수들이 2024 파리 올림픽 탁구와 다이빙 종목서 은메달을 연달아 목에 걸었다. 한국 선수들도 동메달을 수확한 탁구 시상식에는 태극기와 인공기가 함께 게양됐다. 북한의 리정식·김금용은 지난 30일(현지시간) 프랑스 파리의 사우스 파리 아레나에서 열린 탁구 혼합복식 결승전에서 중국의 왕추친·쑨잉사에게 2-4(6-11 11-7 8-11 5-11 11-7 8-11)로 아쉽게 패해 2위에 올랐다. 북한의 이번 대회 첫 메달이자 2016 리우데자네이루 올림픽 이후 8년 만에 따낸 메달이다. 북한은 신종 코로나바이러스 감염증(코로나19)으로 인해 2020 도쿄 올림픽에는 불참했다. 북한 리정식·김금용이 30일(현지시간) 프랑스 파리 사우스 파리 아레나4에서 열린 2024 파리올림픽 탁구 혼합복식 결승전에서 중국의 왕추진-쑨잉사와 대결을 펼치고 있다. 파리=연합뉴스 리정식·김금용 조는 그간 국제대회 무대를 밟지 못해 세계랭킹에도 포함되지 못했다. 그러나 이들은 16강전에서 세계랭킹 2위인 일본 하리모토 도모카즈·하야타 히나 조를 4-1로 꺾으며 이번 대회 최대 이변을 연출했다. 리정식?김금용조는 8강에서도 스웨덴의 크리스티안 카를손·크리스티나 칼베리 조를 4-1로 눌렀고, 준결승에서는 홍콩의 세계랭킹 4위 웡춘팅·두호이켐 조를 접전 끝에 4-3으로 누르고 결승 진출에 성공했다. 결승에서도 경기 초반 세계랭킹 1위인 중국을 상대로 접전을 펼쳤으나 끝내 만리장성의 벽을 넘지는 못했다. 같은 날 한국의 신유빈?임종훈 조도 동메달을 따내며 남북 선수들은 함께 시상대에 오르는 장면도 연출됐다. 함께 선 남북 선수들은 가볍게 악수를 하며 축하를 건넸다. 이번 대회에서는 입상자들이 스마트폰으로 기념사진을 찍는 ‘빅토리 셀피’가 운영돼 이들은 삼성전자의 스마트폰으로 함께 셀카를 찍으며 수상의 순간을 기념하기도 했다. 한편 북한은 다이빙 사상 첫 메달도 따냈다. 김미래?조진미 조는 31일 프랑스 파리 아쿠아틱센터에서 열린 다이빙 여자 싱크로 10 플랫폼 결승에서 1∼5차 시기 합계 315.90점을 얻어 은메달을 차지했다. 이로써 북한은 이번 대회 두 번째 메달도 은메달로 장식했다.",세계일보,https://n.news.naver.com/mnews/article/022/0003956006,2
10,9,2024-07-31 18:04:00,中반도체공장 6곳 장비 반입 원천봉쇄,"美, 이달중 새 규제조치 발표 30개국 이상 동맹국은 예외 삼성 하이닉스 中공장은 가능 미국이 이달 중 대중 추가 반도체 장비 규제를 발표한다. 소식통에 따르면 새로운 규제안은 초안 형태일 뿐이며 변경될 여지는 있으나, 어떤 형태로든 8월에 공개되는 것을 목표로 하고 있다. 새로운 규정에서 일본과 네덜란드, 한국 등 30개국 이상의 동맹국은 예외로 분류된다고 로이터통신은 전했다. 미국이 중국 반도체 산업을 계속 압박하면서도 동맹국을 적대시하지 않으려는 입장이라는 의미다. 미국 정부 관계자는 ""효과적인 수출 통제는 다자간 합의에 달려 있다""며 ""국가 안보 목표 달성을 위해 뜻을 같이하는 국가들과 지속적으로 협력할 것""이라고 말했다. 이 소식이 전해지면서 도쿄일렉트론 과 어드반테스트 등 반도체 주가가 급등했다. 중국은 미국의 반도체 장비 수출 규제 방침에 반발했다. 린젠 중국 외교부 대변인은 ""억제와 탄압은 중국의 발전을 막을 수 없고, 중국의 과학 기술 자립자강 결심과 능력을 키울 뿐""이라며 ""관련 국가들이 위협에 단호히 저항해 국제 무역 질서를 함께 지키고 자신의 이익을 진정으로 수호하기를 희망한다""고 말했다. 앞서 블룸버그는 미국이 중국의 반도체 산업 성장","美, 이달중 새 규제조치 발표 30개국 이상 동맹국은 예외 삼성·하이닉스 中공장은 가능 미국이 이달 중 대중 추가 반도체 장비 규제를 발표한다. 소식통에 따르면 새로운 규제안은 초안 형태일 뿐이며 변경될 여지는 있으나, 어떤 형태로든 8월에 공개되는 것을 목표로 하고 있다. 새로운 규정에서 일본과 네덜란드, 한국 등 30개국 이상의 동맹국은 예외로 분류된다고 로이터통신은 전했다. 미국이 중국 반도체 산업을 계속 압박하면서도 동맹국을 적대시하지 않으려는 입장이라는 의미다. 미국 정부 관계자는 ""효과적인 수출 통제는 다자간 합의에 달려 있다""며 ""국가 안보 목표 달성을 위해 뜻을 같이하는 국가들과 지속적으로 협력할 것""이라고 말했다. 이 소식이 전해지면서 도쿄일렉트론(7.41%)과 어드반테스트(4.45%) 등 반도체 주가가 급등했다. 중국은 미국의 반도체 장비 수출 규제 방침에 반발했다. 린젠 중국 외교부 대변인은 ""억제와 탄압은 중국의 발전을 막을 수 없고, 중국의 과학·기술 자립자강 결심과 능력을 키울 뿐""이라며 ""관련 국가들이 위협에 단호히 저항해 국제 무역 질서를 함께 지키고 자신의 이익을 진정으로 수호하기를 희망한다""고 말했다. 앞서 블룸버그는 미국이 중국의 반도체 산업 성장을 막기 위해 동맹국 기업에도 무역 규제를 강화하는 방안을 고려 중이라고 보도한 바 있다. 블룸버그는 미국 정부가 더 엄격한 무역 규제를 검토하고 있다는 점은 중국의 반도체 산업 발전을 막기 위해 연합전선을 구축하려 한 미국 측 시도가 기대에 미치지 못했음을 시사한다고 분석했다. 조 바이든 행정부는 2022년 10월부터 중국 반도체 기술 발전을 억제하기 위해 대중 반도체 제조장비 수출 통제 조치를 발표했으며, 올해 5월에는 중국산 반도체에 대한 관세를 현행 25%에서 50%로 인상하겠다고 밝혔다. 이러한 미국의 노력에도 불구하고 중국 화웨이는 지난해 7㎚(나노미터·10억분의 1m) 공정 프로세서가 내장된 스마트폰 '메이트 프로 60'을 출시했다. 앞서 바이든 행정부는 대중국 반도체 장비 규제와 관련해 한국 삼성전자, SK하이닉스의 중국 현지 공장에 대한 미국산 반도체 장비 반입 규제 유예 방침을 지난해 10월 확정해 관보에 게재했다. 이를 통해 양사는 미국 상무부 산업안보국(BIS)에서 중국 공장에 대한 '검증된 최종 사용자(VEU)'로 승인받았다. VEU는 미국 정부가 사전에 승인된 기업에만 지정된 품목에 대해 수출을 허용하는 일종의 포괄적 허가 방식으로, 미국 기업이 삼성전자와 SK하이닉스의 중국 공장에 수출할 수 있는 반도체 장비 목록을 업데이트했다. 이를 통해 삼성전자의 중국 시안 낸드 공장과 SK하이닉스의 중국 우시 D램 공장은 2022년 10월 7일 발표한 반도체 장비 수출 통제 규정에서 예외라는 것이 확정됐다. 다만 첨단 반도체 양산에 필요한 극자외선(EUV) 노광 장비 등 일부 품목은 여전히 반입을 통제했다. [김덕식 기자]",매일경제,https://n.news.naver.com/mnews/article/009/0005343434,2
11,10,2024-07-31 17:39:00,"돌아온 '삼전의 시간'…外人, 7월 한달 3조 넘게 샀다","엔비디아에 HBM 납품 초읽기 메모리 수요 늘어 호실적 기대 하반기 AI 랠리 본격 합류 전망 SK하이닉스 2조 매도와 대조 삼성전자 의 시간이 돌아오고 있다. 수급에 영향력이 큰 외국인이 7월에 SK하이닉스 를 2조 원 넘게 팔아치운 반면 삼성전자는 3조 원 넘게 집중 매수한 데서 이는 잘 드러난다는 지적이다. 시장에서는 엔비디아에 5세대 고대역폭메모리 납품이 초읽기에 들어가면서 인공지능 수혜가 현실화되고 있고 레거시 메모리도 수요가 크게 늘어 실적 호조에 대한 기대감이 커지고 있다는 분석이 나온다. 31일 한국거래소에 따르면 이날 삼성전자가 3.58%, SK하이닉스가 3.02% 올랐다. 이날 외국인은 삼성전자를 1411억 원, SK하이닉스는 271억 원씩 모두 순매수했지만 하반기 매수 양상에서 큰 차이를 보이고 있다. 외국인은 7월에 삼성전자 를 3조 1344억 원 순매수하고 있는 반면 SK하이닉스는 2조 626억 원어치를 매도했다. 6월까지 삼성전자와 SK하이닉스를 각각 2조 9639억 원, 1조 1458억 원어치 동시에 순매수한 것과 비교하면 확연히 대조적이다. 삼성전자가 상반기 AI 랠리에서 소외됐다는 점도 증권가에서 삼성전자를 주목하는 이유다. S","엔비디아에 HBM 납품 초읽기 메모리 수요 늘어 호실적 기대 하반기 AI 랠리 본격 합류 전망 SK하이닉스 2조 매도와 대조 [서울경제] 삼성전자(005930) 의 시간이 돌아오고 있다. 수급에 영향력이 큰 외국인이 7월에 SK하이닉스(000660) 를 2조 원 넘게 팔아치운 반면 삼성전자는 3조 원 넘게 집중 매수한 데서 이는 잘 드러난다는 지적이다. 시장에서는 엔비디아에 5세대 고대역폭메모리(HBM3E) 납품이 초읽기에 들어가면서 인공지능(AI) 수혜가 현실화되고 있고 레거시 메모리도 수요가 크게 늘어 실적 호조에 대한 기대감이 커지고 있다는 분석이 나온다. 31일 한국거래소에 따르면 이날 삼성전자가 3.58%, SK하이닉스가 3.02% 올랐다. 이날 외국인은 삼성전자를 1411억 원, SK하이닉스는 271억 원씩 모두 순매수했지만 하반기 매수 양상에서 큰 차이를 보이고 있다. 외국인은 7월에 삼성전자(우선주 포함)를 3조 1344억 원 순매수하고 있는 반면 SK하이닉스는 2조 626억 원어치를 매도했다. 6월까지 삼성전자와 SK하이닉스를 각각 2조 9639억 원, 1조 1458억 원어치 동시에 순매수한 것과 비교하면 확연히 대조적이다. 삼성전자가 상반기 AI 랠리에서 소외됐다는 점도 증권가에서 삼성전자를 주목하는 이유다. SK하이닉스는 상반기에만 시가총액이 99조 5907억 원에서 172조 1725억 원으로 72.88%가량 늘며 몸집을 키웠다. 반면 삼성전자는 459조 6732억 원에서 486조 5372억 원으로 5.84% 증가하는 데 그쳤다. 같은 기간 KRX반도체지수 상승률(21.51%)도 밑돌았다. 증권가에서는 삼성전자가 3분기 엔비디아의 품질 검증을 통과해 4분기부터 HBM3E 양산에 돌입할 것으로 본다. AI 칩 시장을 사실상 평정하다시피 하고 있는 엔비디아 그래픽처리장치(GPU)에 HBM을 납품하는 만큼 실적의 큰 폭 성장이 예상된다. 특히 삼성전자는 엔비디아의 가장 강력한 라이벌인 AMD에 HBM을 공급하는 주포이기도 하다. SK하이닉스가 엔비디아 공급에 주력하는 사이 AMD를 잡은 것인데 빅테크의 탈엔비디아 움직임에 힘이 실리는 상황이라 삼성 입장에서는 나쁘지 않는 시장 환경이 되고 있다. 실제 30일(현지 시간) 엔비디아 주가는 AI 피크 아웃 논란에 7.04% 하락했다. 물론 시간외거래에서 5.08% 상승해 주가 하락 우려를 덜기는 했지만 2분기 데이터센터 부문에서 호실적을 내놓으면서 시간외거래에서 7.71% 급등한 AMD 상승률에는 못 미쳤다. 삼성전자가 HBM 생산에 돌입하면서 D램 공급 감소에 따른 가격 상승도 긍정적으로 평가되고 있다. 증권가는 하반기 삼성전자의 영업이익이 지난해 같은 기간 대비 521% 증가한 27조 4000억 원으로 2021년 하반기(29조 7000억 원) 이후 3년 만에 최대 실적을 기록할 것으로 추정한다. 김동원 KB증권 연구원은 “곧 출시 예정인 엔비디아의 B100·B200 등 블랙웰 시리즈는 마이크로소프트(MS), 아마존, 구글, 메타 등 빅테크 기업의 AI 데이터센터에 대부분 사용될 것으로 전망된다”며 “내년 블랙웰 시리즈 수요는 시장 기대치보다 20~30% 정도 클 수 있다”고 설명했다. 이어 “엔비디아는 올 하반기부터 HBM 공급망 다변화가 필수적인데 삼성전자가 최대 수혜를 볼 것”이라고 덧붙였다.",서울경제,https://n.news.naver.com/mnews/article/011/0004374220,2
12,11,2024-07-31 18:00:00,더위 먹은 7월 코스피…개미들 6.7% 손실,매수 상위 하이닉스 현대차 부진 국내 증시가 침체되며 7월 개인투자자 수익률이 -7% 수준을 기록한 것으로 집계됐다. 31일 대신증권에 따르면 지난 1~30일 국내 증시에 투자한 개인은 평균 수익률 -6.7%를 기록한 것으로 나타났다. SK하이닉스와 현대차를 집중 매수하며 손해가 커졌다. 개인의 SK하이닉스 평균 매수가는 21만1201원으로 전날 종가 대비 7.86% 낮다. 대만 반도체산업을 향한 도널드 트럼프 전 미국 대통령의 적대적 발언 등으로 반도체 주가는 크게 하락했다. 개인의 현대자동차 평균 매수가는 26만5048원으로 전날 종가 대비 6.05% 낮은 수준이다. 전기차 수요 둔화에 시달리는 삼성SDI 의 평균 단가는 35만5164원으로 전날 종가 대비 10.04% 낮다. 반면 같은 기간 외국인 투자자의 수익률은 2.3%를 기록했다. 코스피지수 하락률 대비 높은 수준이다. 가장 많이 순매수한 종목은 최근 하락세를 보인 삼성전자였다. 외국인의 평균 매수가 는 전날 종가 대비 1.28% 낮다. 대신 바이오와 조선 업종에 집중 투자해 수익률을 방어했다. 순매수 2위인 삼성바이오로직스의 평균 매수단가는 84만5157원으로 전날 종가 대비 10.99% 높았다.,매수 상위 하이닉스·현대차 부진 국내 증시가 침체되며 7월 개인투자자 수익률이 -7% 수준을 기록한 것으로 집계됐다. 31일 대신증권에 따르면 지난 1~30일 국내 증시에 투자한 개인은 평균 수익률 -6.7%를 기록한 것으로 나타났다. SK하이닉스와 현대차를 집중 매수하며 손해가 커졌다. 개인의 SK하이닉스 평균 매수가는 21만1201원으로 전날 종가 대비 7.86% 낮다. 대만 반도체산업을 향한 도널드 트럼프 전 미국 대통령의 적대적 발언 등으로 반도체 주가는 크게 하락했다. 개인의 현대자동차 평균 매수가는 26만5048원으로 전날 종가 대비 6.05% 낮은 수준이다. 전기차 수요 둔화에 시달리는 삼성SDI(순매수 3위)의 평균 단가는 35만5164원으로 전날 종가(31만9500원) 대비 10.04% 낮다. 반면 같은 기간 외국인 투자자의 수익률은 2.3%를 기록했다. 코스피지수 하락률(-0.99%) 대비 높은 수준이다. 가장 많이 순매수한 종목은 최근 하락세를 보인 삼성전자였다. 외국인의 평균 매수가(8만4986원)는 전날 종가 대비 1.28% 낮다. 대신 바이오와 조선 업종에 집중 투자해 수익률을 방어했다. 순매수 2위인 삼성바이오로직스의 평균 매수단가는 84만5157원으로 전날 종가 대비 10.99% 높았다.,한국경제,https://n.news.naver.com/mnews/article/015/0005016658,2
13,12,2024-07-31 19:42:00,[앵커리포트] 태극기·인공기 나란히 오른 탁구장…남북이 함께 '셀카',"파리올림픽 탁구 혼합 복식에 출전한 신유빈-임종훈 조가 동메달을 거머쥐면서 12년 만에 한국 탁구 올림픽 메달을 안겼는데요. 메달 획득만큼이나 특별한 장면이 시상식에서도 연출됐습니다. 바로 이 장면, 남북 선수들이 함께 스마트폰으로 '셀카'를 찍는 모습입니다. 이번 대회 시상식에서는 공식 파트너 삼성전자의 스마트폰으로 입상자들이 기념 사진을 찍는, 이른바 '빅토리 셀피' 순서가 마련됐습니다. 시상대에 선 선수들 중 가장 키가 큰 임종훈 선수가 스마트폰을 들어 이리저리 각을 맞추자 신유빈 선수와 북한, 중국 선수들이 함께 포즈를 취했는데요. 앞서 북한의 리정식-김금용 조는 결승전에서 중국의 세계 1위, 왕추친-쑨잉사 조에게 패배하며 은메달을 목에 걸었습니다. 덤덤한 표정으로 시상식에 나선 북한 선수들은 먼저 시상대에 선 우리 선수들을 향해 박수를 보냈는데요. 이어 북한 선수들이 호명되자 남북 선수들은 가볍게 악수하며 서로를 축하했습니다. 시상식 후 임종훈 선수는 ""북한 선수들과는 '축하한다' 얘기한 것 말고 따로 대화한 건 없었다""고 전했습니다. 북한의 김금용 선수도 한국 선수들과 경쟁심을 느끼진 않았느냐는 질문에 ""전혀 느끼지 못했다""고 짧게 답했습니다. 연","파리올림픽 탁구 혼합 복식에 출전한 신유빈-임종훈 조가 동메달을 거머쥐면서 12년 만에 한국 탁구 올림픽 메달을 안겼는데요. 메달 획득만큼이나 특별한 장면이 시상식에서도 연출됐습니다. 바로 이 장면, 남북 선수들이 함께 스마트폰으로 '셀카'를 찍는 모습입니다. 이번 대회 시상식에서는 공식 파트너 삼성전자의 스마트폰으로 입상자들이 기념 사진을 찍는, 이른바 '빅토리 셀피' 순서가 마련됐습니다. 시상대에 선 선수들 중 가장 키가 큰 임종훈 선수가 스마트폰을 들어 이리저리 각을 맞추자 신유빈 선수와 북한, 중국 선수들이 함께 포즈를 취했는데요. 앞서 북한의 리정식-김금용 조는 결승전에서 중국의 세계 1위, 왕추친-쑨잉사 조에게 패배하며 은메달을 목에 걸었습니다. 덤덤한 표정으로 시상식에 나선 북한 선수들은 먼저 시상대에 선 우리 선수들을 향해 박수를 보냈는데요. 이어 북한 선수들이 호명되자 남북 선수들은 가볍게 악수하며 서로를 축하했습니다. 시상식 후 임종훈 선수는 ""북한 선수들과는 '축하한다' 얘기한 것 말고 따로 대화한 건 없었다""고 전했습니다. 북한의 김금용 선수도 한국 선수들과 경쟁심을 느끼진 않았느냐는 질문에 ""전혀 느끼지 못했다""고 짧게 답했습니다. 연합뉴스TV 기사문의 및 제보 : 카톡/라인 jebo23",연합뉴스TV,https://n.news.naver.com/mnews/article/422/0000673952,2
14,13,2024-07-31 19:09:00,"[속보] 삼성전자 노사, 사흘 집중 교섭했지만 최종 결렬","삼성전자 노사, 사흘 집중 교섭했지만 최종 결렬 자세한 뉴스 잠시 뒤 이어집니다. '당신의 제보가 뉴스가 됩니다' YTN 검색해 채널 추가 02-398-8585","[속보] 삼성전자 노사, 사흘 집중 교섭했지만 최종 결렬 ▶ 자세한 뉴스 잠시 뒤 이어집니다. ※ '당신의 제보가 뉴스가 됩니다' [카카오톡] YTN 검색해 채널 추가 [전화] 02-398-8585 [메일] social@ytn.co.kr",YTN,https://n.news.naver.com/mnews/article/052/0002068535,2
15,14,2024-07-31 17:39:00,외국인·기관 '사자'에…코스피 2770선 상승 마감,"서울 중구 하나은행 본점 딜링룸. /연합뉴스 코스피 지수가 외국인과 기관의 매수세에 힘입어 1% 넘게 상승했다. 1일 코스피 지수는 전장보다 32.50포인트 상승한 2770.69로 장을 마쳤다. 유가증권시장에서 개인은 1799억원어치를 순매도한 반면 외국인과 기관은 각각 1521억원, 497억원어치씩을 순매수했다. 시가총액 상위 종목 가운데 삼성전자 , SK하이닉스 , 삼성바이오로직스 , 삼성전자우 , 기아 , 신한지주 는 강세를 보였다. 하지만 LG에너지솔루션 , 현대차 , 셀트리온 , KB금융 은 하락 마감했다. 이날 코스닥 지수는 전장보다 0.63포인트 하락한 803.15로 마감했다.","서울 중구 하나은행 본점 딜링룸. /연합뉴스 코스피 지수가 외국인과 기관의 매수세에 힘입어 1% 넘게 상승했다. 1일 코스피 지수는 전장보다 32.50포인트(1.19%) 상승한 2770.69로 장을 마쳤다. 유가증권시장에서 개인은 1799억원어치를 순매도한 반면 외국인과 기관은 각각 1521억원, 497억원어치씩을 순매수했다. 시가총액 상위 종목 가운데 삼성전자(3.58%), SK하이닉스(3.02%), 삼성바이오로직스(0.11%), 삼성전자우(3.02%), 기아(0.45%), 신한지주(0.50%)는 강세를 보였다. 하지만 LG에너지솔루션(-2.70%), 현대차(-0.40%), 셀트리온(-2.15%), KB금융(-1.57%)은 하락 마감했다. 이날 코스닥 지수는 전장보다 0.63포인트(0.08%) 하락한 803.15로 마감했다.",TV조선,https://n.news.naver.com/mnews/article/448/0000469903,2
16,15,2024-07-31 18:31:00,삼성전자 추격하는 SK하이닉스 1분기 단 55억원 차이,"삼성전자가 올해 2분기 반도체 사업에서만 6조원을 넘게 벌어들이며 깜짝 실적을 기록한 가운데 31일 서울 서초구 삼성전자 사옥의 모습. 삼성전자가 이날 공시한 올해 2분기 영업이익은 지난해 동기보다 1천462.29% 증가한 10조4천439억원으로, 이 중 반도체 사업을 담당하는 디바이스솔루션 부문이 6조4천500억원을 기록했다. 연합뉴스 SK하이닉스가 삼성전자를 바짝 추격하고 있다. SK하이닉스와 삼성전자 반도체 부문 상반기 영업이익이 단 55억원에 불과하다. 31일 삼성전자에 따르면 2분기 반도체 영업이익이 6조4천500억원을 달성했다. 반도체 '업턴' 과 고대역폭 메모리 등 고성능 고용량 D램, 낸드플래시와 같은 고부가 제품 판매 확대 기반으로 실적이 급증했다. 1분기 1조9천100억원의 영업이익을 포함하면 상반기 전체 영업이익은 총 8조3천600억원에 달한다. SK하이닉스는 상반기 8조3천545억원의 영업이익을 올렸다. 삼성과의 영업이익 차이는 55억원으로 크게 좁혀졌다. 지난 1분기 SK하이닉스는 2조8천860억원의 영업이익을 올리면서 상반기 중 삼성전자의 반도체 영업이익을 따라잡을 것이라는 예측이 나오기도 했다. 하지만 삼성전자가 2분기 SK하이닉스","삼성전자가 올해 2분기 반도체 사업에서만 6조원을 넘게 벌어들이며 깜짝 실적을 기록한 가운데 31일 서울 서초구 삼성전자 사옥의 모습. 삼성전자가 이날 공시한 올해 2분기 영업이익은 지난해 동기보다 1천462.29% 증가한 10조4천439억원으로, 이 중 반도체 사업을 담당하는 디바이스솔루션 부문이 6조4천500억원을 기록했다. 연합뉴스 SK하이닉스가 삼성전자를 바짝 추격하고 있다. SK하이닉스와 삼성전자 반도체 부문 상반기 영업이익이 단 55억원에 불과하다. 31일 삼성전자에 따르면 2분기 반도체 영업이익이 6조4천500억원을 달성했다. 반도체 '업턴'(상승기)과 고대역폭 메모리(HBM) 등 고성능·고용량 D램, 낸드플래시와 같은 고부가 제품 판매 확대 기반으로 실적이 급증했다. 1분기 1조9천100억원의 영업이익을 포함하면 상반기 전체 영업이익은 총 8조3천600억원에 달한다. SK하이닉스는 상반기 8조3천545억원의 영업이익을 올렸다. 삼성과의 영업이익 차이는 55억원으로 크게 좁혀졌다. 지난 1분기 SK하이닉스는 2조8천860억원의 영업이익을 올리면서 상반기 중 삼성전자의 반도체 영업이익을 따라잡을 것이라는 예측이 나오기도 했다. 하지만 삼성전자가 2분기 SK하이닉스(5조4천685억원) 보다 1조원 가까이 영업이익을 더 올리며 '정상' 자리를 지켰다. 삼성전자가 메모리 분야 1위를 유지하고 있지만, SK하이닉스가 턱 밑까지 영업이익을 끌어올린 것은 HBM3 시장에서 막강한 지배력을 갖췄기 때문으로 분석된다. SK하이닉스는 HBM3E 8단(H) 제품을 이미 엔비디아에 공급하고 있는 데다, HBM3E 12단 제품을 3분기 양산해 4분기 출하할 예정이다. 또 6세대인 HBM4는 내년 하반기 12단 제품부터 공급할 계획이다. 삼성전자가 SK하이닉스와의 격차를 더 벌리기 위해서는 HBM3E 공급이 더 중요하게 됐다. 삼성전자는 최근 4세대인 HBM3를 엔비디아에 납품하기 위한 품질 테스트를 완료했다. 또 HBM3E 8단과 12단 제품 테스트도 진행 중인 것으로 전해졌다. 삼성전자는 ""하반기에는 HBM 생산 능력 확충을 통해 HBM3E 판매 비중을 확대할 예정""이라며 ""서버용 D램 분야에서도 1b나노 32Gb DDR5 기반의 128GB, 256GB 모듈 등 고용량 제품을 기반으로 시장 경쟁력을 강화해 나갈 계획""이라고 전했다. 이밖에 삼성전자는 내년 HBM 공급 물량을 올해 대비 최소 2배 이상 확대하기로 했다. 특히 지난 4일 'HBM 개발팀'을 신설 등 대대적 조직 개편도 단행했다.",매일신문,https://n.news.naver.com/mnews/article/088/0000895226,2
17,16,2024-07-31 18:24:00,"[fn사설] '세수펑크' 대책, 규제 풀어 경제활력 돋게 해야","올 상반기 국세 10조원 덜 걷혀 '전국민 25만원' 재정에 더 부담 최상목 부총리 겸 기획재정부 장관이 지난 22일 정부세종청사에서 2024 세법 개정안과 관련한 발언을 하고 있다.사진-연합뉴스 올해 6월까지 법인세 등 국세수입이 지난해보다 10조원 가까이 줄었다. 7월 31일 기획재정부가 발표한 6월 국세수입 현황을 보면 올 1∼6월 국세수입은 168조6000억원으로 전년 동기보다 9조9800억원 감소했다. 국세수입은 올 3월 이후 계속 마이너스였다. 정부가 예상한 올해 국세수입은 367조원인데, 6월까지 진도율은 45.9%에 그쳤다. 2년 연속 '세수펑크'가 우려된다. 국세가 크게 줄어든 까닭은 법인세, 증권거래세 등이 덜 걷혀서다. 그중 세수의 40% 이상을 차지하는 법인세는 전년보다 16조원 넘게 줄었다. 지난해 삼성전자 등 주요 대기업이 대규모 영업적자를 냈기 때문이다. 수출 호황이 우리 경제를 지탱하고 있지만 고물가 속 경기침체로 세수가 계속 줄고 있어 걱정스럽다. 급속한 고령화 등으로 의료보험, 기초연금, 저출생대책 등에 필요한 국가 재정수요는 계속 늘고 있기 때문이다. 오죽하면 정부가 올 상반기에 한국은행에서 91조원 넘게 빌려 부족한 재정을","올 상반기 국세 10조원 덜 걷혀 '전국민 25만원' 재정에 더 부담 최상목 부총리 겸 기획재정부 장관이 지난 22일 정부세종청사에서 2024 세법 개정안과 관련한 발언을 하고 있다.사진-연합뉴스 올해 6월까지 법인세 등 국세수입이 지난해보다 10조원 가까이 줄었다. 7월 31일 기획재정부가 발표한 6월 국세수입 현황을 보면 올 1∼6월 국세수입은 168조6000억원으로 전년 동기보다 9조9800억원(5.6%) 감소했다. 국세수입은 올 3월 이후 계속 마이너스였다. 정부가 예상한 올해 국세수입은 367조원인데, 6월까지 진도율은 45.9%에 그쳤다. 2년 연속 '세수펑크'가 우려된다. 국세가 크게 줄어든 까닭은 법인세, 증권거래세 등이 덜 걷혀서다. 그중 세수의 40% 이상을 차지하는 법인세는 전년보다 16조원 넘게 줄었다. 지난해 삼성전자 등 주요 대기업이 대규모 영업적자를 냈기 때문이다. 수출 호황이 우리 경제를 지탱하고 있지만 고물가 속 경기침체로 세수가 계속 줄고 있어 걱정스럽다. 급속한 고령화 등으로 의료보험, 기초연금, 저출생대책 등에 필요한 국가 재정수요는 계속 늘고 있기 때문이다. 오죽하면 정부가 올 상반기에 한국은행에서 91조원 넘게 빌려 부족한 재정을 메우기까지 했겠나. 정부는 7월 25일 상속세 최고세율 인하, 대기업 최대주주 할증 폐지 등 대대적 세제 개편안을 내놨다. 야당은 '부자감세'라며 정부안을 반대하고 있다. 낡고 오래돼 현실과 괴리된 세제를 개편하는 것은 옳은 방향이다. 증세만이 재정의 지속가능성을 보장하지도 않는다. 다만 세제 개편으로 향후 5년간 누적 18조원 이상의 세수가 줄어들 것이라고 한다. 이를 보완하고 상쇄할 세수 확보방안이 필요하다. 세제 개편에 따른 감세가 민생회복, 경제활력으로 이어지도록 정부가 더욱 세심한 정책을 펴야 할 것이다. 민주당은 이날 전 국민에게 25만~35만원의 민생지원금을 지급하는 법안을 법제사법위원회에서 일방 처리했다. 1일 본회의에 상정해 쐐기를 박겠다는 속셈이다. 전 국민에게 지원금을 주기 위해 필요한 재정은 13조~18조원으로 추산된다. 지역상품권 발행비용 등을 더하면 최대 20조원에 이른다고 한다. 나랏빚을 내야 해 재정부담이 더 커진다. 국가재난이나 경제위기 시 국민지원금으로 민생과 내수에 마중물을 대는 것은 정부가 마땅히 해야 할 역할이다. 하지만 지금의 내수불황은 고금리·고물가 장기화, 소비행태 변화 등 복합적 요인이다. 위기상황도, 선심성 돈 뿌리기를 할 때도 아니다. 득보다 실이 많은 정책을 밀어붙이는 것은 거대야당의 총선 승리 축하금과 다를 바 없다. 재정지출 이외에 실물경제를 진작할 방안이 있다. 악성규제를 풀어 투자와 신기술·서비스를 촉진하는 민생법안들을 처리하는 것이 먼저다. 공정한 조세와 안정적인 재정은 국가존립의 기본이다. 나라의 재정건전성을 확보하기 위해 재정준칙을 서둘러 마련해야 하는 이유다. 세수가 줄어드는데 세수추계 오류까지 계속되면 국가 재정운용을 제대로 할 수 없다. 세수추계 정확도를 더욱 높여야 할 것이다. 재정이 허투루 새나가는 곳이 없는지 철저히 살펴야 함은 두말할 사안이 아니다. 악의적·지능적 탈세에 대한 엄정한 조사와 추징도 강화해야 한다.",파이낸셜뉴스,https://n.news.naver.com/mnews/article/014/0005221627,2
18,17,2024-07-31 17:16:00,"“삼성전자, HBM3E도 내달 엔비디아 승인 전망” [오늘, 이 종목]","미국 새너제이에서 열린 엔비디아 개발자 대회 ‘GTC 2024’에서 젠슨 황 CEO가 삼성전자 부스를 방문해 HBM3E에 ‘승인’이라는 사인을 남겼다. 삼성전자의 올해 2분기 반도체 부문 영업이익이 6조4500억원을 기록한 것으로 공시된 가운데 삼성전자가 5세대 고대역폭 메모리 의 엔비디아 공급을 위한 퀄테스트 도 머지않아 통과할 것이라는 증권가 전망이 나왔다. 김동원 KB증권 애널리스트는 삼성전자가 최근 5세대 고대역폭 메모리인 “HBM3E의 PRA 내부 절차를 완료한 것으로 추정된다”며 이같이 밝혔다. PRA란 기업 내부 기준을 충족한 제품에 대해 양산 승인을 하는 절차로 본격적인 양산의 직전 단계다. 김 애널리스트는 삼성전자가 “4분기부터 HBM3E 8단과 12단 양산을 시작할 것”이라고 분석하면서 “오는 8~9월 삼성전자가 엔비디아로부터 HBM3E 승인을 받을 것”이라고 예상했다. 그는 그러면서 “올 하반기 DRAM 가격과 함께 마진율이 지속적으로 오르는 가운데 삼성전자가 HBM3E 본격 양산으로 실적을 크게 개선할 것”이라고 내다봤다. 아울러 김 애널리스트는 “블랙웰, 루빈 출시를 앞둔 엔비디아로서는 올 하반기부터 HBM 공급선 다변화가 필수”라면서","미국 새너제이에서 열린 엔비디아 개발자 대회 ‘GTC 2024’에서 젠슨 황 CEO가 삼성전자 부스를 방문해 HBM3E에 ‘승인’이라는 사인을 남겼다. (한진만 삼성전자 미주 총괄 부사장 링크트인 갈무리) 삼성전자의 올해 2분기 반도체 부문 영업이익이 6조4500억원을 기록한 것으로 공시된 가운데 삼성전자가 5세대 고대역폭 메모리(HBM)의 엔비디아 공급을 위한 퀄테스트(품질 검증)도 머지않아 통과할 것이라는 증권가 전망이 나왔다. 김동원 KB증권 애널리스트는 삼성전자가 최근 5세대 고대역폭 메모리인 “HBM3E의 PRA(Production Readiness Approval) 내부 절차를 완료한 것으로 추정된다”며 이같이 밝혔다. PRA란 기업 내부 기준을 충족한 제품에 대해 양산 승인을 하는 절차로 본격적인 양산의 직전 단계다. 김 애널리스트는 삼성전자가 “4분기부터 HBM3E 8단과 12단 양산을 시작할 것”이라고 분석하면서 “오는 8~9월 삼성전자가 엔비디아로부터 HBM3E 승인을 받을 것”이라고 예상했다. 그는 그러면서 “올 하반기 DRAM 가격과 함께 마진율이 지속적으로 오르는 가운데 삼성전자가 HBM3E 본격 양산으로 실적을 크게 개선할 것”이라고 내다봤다. 아울러 김 애널리스트는 “블랙웰, 루빈 출시를 앞둔 엔비디아로서는 올 하반기부터 HBM 공급선 다변화가 필수”라면서 삼성전자가 엔비디아 HBM 공급망 다변화의 최대 수혜를 입을 것으로 전망했다. 한편 김 애널리스트는 삼성전자 목표주가로 기존 12만원을 유지했다. 삼성전자는 이날 전날보다 3.58% 오른 8만3900원에 거래를 마감했다.",매경이코노미,https://n.news.naver.com/mnews/article/024/0000090675,4
19,18,2024-07-31 17:57:00,"삼성 반도체 매출, TSMC 추월","28조5600억 8분기 만에 제쳐 엔비디아에 HBM3E 공급 임박 삼성전자가 5세대 고대역폭메모리 인 HBM3E를 올 3분기부터 양산해 공급한다고 밝혔다. 4분기에는 전체 HBM 매출의 60%가량이 HBM3E가 될 것이라고 했다. 이만큼의 물량을 소화할 수 있는 기업이 엔비디아밖에 없다는 점에서 현재 진행 중인 품질 테스트 통과가 임박했다는 관측이 나온다. 김재준 삼성전자 메모리사업부 부사장은 31일 연 2분기 실적 콘퍼런스콜에서 “HBM3E 매출 비중을 3분기에 10% 중반, 4분기에는 60%까지 확대할 것”이라고 말했다. 삼성전자는 고객사 이름을 공개하지 않았지만, 시장에서는 HBM3E의 최대 ‘큰손’인 엔비디아 납품이 가시화했다는 해석을 내놓고 있다. 엔비디아는 자체 개발한 그래픽처리장치 에 SK하이닉스의 HBM3E를 붙여 인공지능 가속기 ‘블랙웰’을 만들고 있는데, HBM3E의 단가를 낮추기 위해 삼성전자와 마이크론 제품을 추가로 납품받는 작업을 벌이고 있다. 삼성전자는 이날 2분기 매출이 74조683억원, 영업이익이 10조4439억원으로 전년 동기 대비 각각 23.4%, 1462.2% 늘었다고 발표했다. 이 중 반도체 부문에서 매출 28조5600억원","28조5600억…8분기 만에 제쳐 엔비디아에 HBM3E 공급 임박 삼성전자가 5세대 고대역폭메모리(HBM)인 HBM3E를 올 3분기부터 양산해 공급한다고 밝혔다. 4분기에는 전체 HBM 매출의 60%가량이 HBM3E가 될 것이라고 했다. 이만큼의 물량을 소화할 수 있는 기업이 엔비디아밖에 없다는 점에서 현재 진행 중인 품질 테스트 통과가 임박했다는 관측이 나온다. 김재준 삼성전자 메모리사업부 부사장은 31일 연 2분기 실적 콘퍼런스콜에서 “HBM3E 매출 비중을 3분기에 (전체 HBM의) 10% 중반, 4분기에는 60%까지 확대할 것”이라고 말했다. 삼성전자는 고객사 이름을 공개하지 않았지만, 시장에서는 HBM3E의 최대 ‘큰손’인 엔비디아 납품이 가시화했다는 해석을 내놓고 있다. 엔비디아는 자체 개발한 그래픽처리장치(GPU)에 SK하이닉스의 HBM3E를 붙여 인공지능(AI) 가속기 ‘블랙웰’을 만들고 있는데, HBM3E의 단가를 낮추기 위해 삼성전자와 마이크론 제품을 추가로 납품받는 작업을 벌이고 있다. 삼성전자는 이날 2분기 매출이 74조683억원, 영업이익이 10조4439억원으로 전년 동기 대비 각각 23.4%, 1462.2% 늘었다고 발표했다. 이 중 반도체 부문에서 매출 28조5600억원, 영업이익 6조4500억원을 올렸다. 대만 파운드리(반도체 수탁생산) 기업 TSMC는 2분기에 28조4500억원의 매출을 거뒀다. 삼성전자 반도체 매출이 TSMC를 앞선 것은 2022년 3분기 이후 여덟 분기 만이다.",한국경제,https://n.news.naver.com/mnews/article/015/0005016655,2
20,19,2024-07-31 17:51:00,가발 수출·파독 광부…한국 경제 '기적의 순간들'로 시간여행,서울 거리가 전시장으로 대한민국 희망과 함께 달립니다 美원조로 한끼 겨우 먹던 빈국 반도체 강국으로 우뚝 서기까지 위기 때마다 온국민 똘똘 뭉쳐 굴곡의 시간 이겨낸 한국 경제 서울 버스 200대에 싣고 달려 한 작업자가 31일 경기 고양시 신촌교통 차고지에서 한경 창간 60주년 버스 사진전 '희망과 기적의 순간들' 래핑 작업을 하고 있다. / 배급 빵 아껴 먹던 시절서 日 수출 넘어서기까지 . 서울 도로 곳곳이 이달부터 대한민국 경제 발전사와 만나는 전시장으로 변신한다. 한국경제신문은 올해 창간 60주년을 맞아 세계 최초로 버스를 활용한 이동 사진전을 연다. 서울 버스 200대가 1일부터 우리 경제의 ‘희망과 기적의 순간들’을 담은 사진을 부착하고 서울 구석구석을 누빌 예정이다. 전시 사진은 압축 성장의 발자취를 느낄 수 있는 주요 장면 20개로 구성했다. 세계 최빈국에서 경제대국 일본을 넘어서는 수출 강국으로 성장하기까지 60년 기록을 생생하게 담았다. 배급 빵으로 배고픔 달랜 점심시간 “옥수수빵 남겨서 동생 갖다줄래요.” 한국 경제 60년은 그야말로 기적의 역사였다. 1960년대만 해도 국민들은 하루 끼니를 걱정했다. 농촌에선 봄이면 쌀독이 바닥나 보리가,"서울 거리가 전시장으로… 대한민국 희망과 함께 달립니다 美원조로 한끼 겨우 먹던 빈국 반도체 강국으로 우뚝 서기까지 위기 때마다 온국민 똘똘 뭉쳐 굴곡의 시간 이겨낸 한국 경제 서울 버스 200대에 싣고 달려 한 작업자가 31일 경기 고양시 신촌교통 차고지에서 한경 창간 60주년 버스 사진전 '희망과 기적의 순간들' 래핑 작업을 하고 있다. /최혁 기자 배급 빵 아껴 먹던 시절서 日 수출 넘어서기까지…. 서울 도로 곳곳이 이달부터 대한민국 경제 발전사와 만나는 전시장으로 변신한다. 한국경제신문은 올해 창간 60주년을 맞아 세계 최초로 버스를 활용한 이동 사진전을 연다. 서울 버스 200대가 1일부터 우리 경제의 ‘희망과 기적의 순간들’을 담은 사진을 부착하고 서울 구석구석을 누빌 예정이다. 전시 사진은 압축 성장의 발자취를 느낄 수 있는 주요 장면 20개로 구성했다. 세계 최빈국에서 경제대국 일본을 넘어서는 수출 강국으로 성장하기까지 60년 기록을 생생하게 담았다. ○배급 빵으로 배고픔 달랜 점심시간 “옥수수빵 남겨서 동생 갖다줄래요.” 한국 경제 60년은 그야말로 기적의 역사였다. 1960년대만 해도 국민들은 하루 끼니를 걱정했다. 농촌에선 봄이면 쌀독이 바닥나 보리가 여물 때까지 ‘보릿고개’를 견뎌야 했다. 당시 정부는 국민학교(현 초등학교) 학생들에게 옥수수빵을 나눠줬다. 결식 문제를 해결하기 위해 미국으로부터 원조받은 옥수수 가루로 만든 빵이었다. 배고픔을 달랠 소중한 한 끼였지만 집에 있는 동생 걱정에 차마 베어 물지 못하는 아이가 많았다. 한국경제신문이 처음 신문을 발행한 1964년 1인당 국민총소득(GNI)은 107달러로 필리핀의 절반 수준이었다. 작년 GNI 3만3745달러와 비교하면 300분의 1 수준이다. 청계천의 옛 모습은 당시의 비참한 삶을 드러낸다. 지금은 화려한 빌딩 숲 사이로 맑은 물이 흐르는 도심 속 쉼터로 변했지만 불과 50여 년 전까지만 해도 악취가 진동하는 도시 빈민의 판자촌이었다. 정부는 극심한 실업과 외화 부족 문제를 해소하기 위해 노동력 수출을 추진했다. 1966년 독일행 비행기에 오르기 전 울음을 터뜨리는 어린 간호사의 표정은 가난한 나라 아들딸의 서글픈 시대상을 담고 있다. 시꺼먼 탄가루를 뒤집어쓴 채 낯선 독일의 깊은 탄광에서 일하는 광부의 웃음에도 희망과 기적의 감동이 묻어난다. ○‘한강의 기적’ 밑거름된 고속도로 ‘이 도로가 없었다면….’ 1970년 경부고속도로 준공은 고도성장의 출발을 상징하는 사건이었다. 준공 직후 텅 빈 고속도로 위에 술을 뿌리는 박정희 당시 대통령의 사진은 한 국민으로서 ‘잘사는 나라’를 향한 염원을 드러낸다. 갓을 쓰고 호남고속도로 기공식에 나온 완주군민의 축하 행렬은 ‘조국 근대화’란 구호의 의미를 곱씹어보게 한다. 정부는 1970년대 들어 중화학공업 육성(산업 합리화) 정책을 추진했다. 자주국방을 위한 국산병기 개발 등을 목적으로 본격화한 중화학공업화는 이후 고도성장의 견인차 역할을 했다. 1973년 포항종합제철(현 포스코)에서 쏟아져나온 쇳물은 한국의 ‘산업 철기시대’를 여는 역사적 전환점이었다. 당시 1고로 앞에서 두 손을 번쩍 들고 환호하던 박태준 당시 사장과 포스코 직원들의 모습은 한국 경제사에 빼놓을 수 없는 명장면이다. 산업화에 속도가 붙으면서 서울 인구도 폭발적으로 늘어났다. 등굣길 만원 버스는 버스 차장(안내양)이 열린 문에 매달린 채 손으로 ‘탕탕’ 버스를 두드리며 ‘오라이’를 외쳐야 출발했다. 버스 기사가 운전대를 오른쪽으로 홱 돌려 승객들이 안쪽으로 밀려들면 그제야 버스 차장이 문을 닫을 수 있었다. ○가발 수출국에서 반도체·IT 강국으로 1964년까지 한국 수출은 고작 1억달러에도 못 미쳤다. 팔 것이 없어 여성의 머리카락을 잘라 가발을 만들어 수출하던 시절이었다. 고질적인 경상수지 적자를 흑자로 돌린 첫 계기는 1970년대 말 중동 건설 붐이었다. 우리 근로자들이 사막에서 거센 모래바람을 뚫고 벌어들인 외화는 우리도 선진국과 경쟁할 수 있다는 자신감을 심어줬다. 제조업 수출도 이즈음 탄력이 붙기 시작했다. 현대자동차는 1975년 ‘포니’ 생산을 시작으로 세계 자동차 시장에 첫발을 내디뎠다. 삼성전자는 1984년 64K D램을 자체 개발하고 처음 수출에 뛰어들었다. 당시 경기 용인시 기흥 사업장에서 돼지머리를 올려놓고 수출 성공 기원 고사를 지내는 직원들의 모습은 반도체 수출 신화의 서막이었다. 한국 경제는 이후에도 오일쇼크와 외환위기 등으로 큰 부침을 겪었지만 2000년대 들어 안정적인 흑자 기조에 들어섰다. 그동안 월별 기준 수출액으로 여러 차례 일본을 앞선 데 이어 올해는 연간으로 사상 첫 추월을 바라보고 있다. ○금 모으기·나무 심기…감동의 순간도 온 국민이 한마음으로 경제위기 극복을 위해 노력한 감동의 순간들도 빼놓을 수 없다. 전 국민 나무 심기 운동은 온통 민둥산이던 국토를 푸르게 바꾸며 전 세계를 깜짝 놀라게 했다. 폐유조선을 물막이로 동원한 충남 서산 간척지 개발은 땅 한 평이라도 더 늘리려는 국토 개발을 향한 불굴의 의지를 보여주는 기막힌 사례였다. 1997년 외환위기 땐 온 국민이 장롱 속 금붙이를 모아 팔았다. 5000만 명이 하나 된 함성으로 4강 신화의 감격을 만끽한 2002년 한·일 월드컵 길거리 응원전도 잊을 수 없는 장면이다. 감동과 기적의 60년을 거쳐 경제강국으로 발돋움한 한국은 이제 문화와 첨단기술 분야에서도 새로운 역사를 쓰고 있다. 전 세계 팬을 사로잡은 K컬처, 누리호 발사와 함께 우리 손으로 열기 시작한 우주시대는 앞으로 펼쳐질 또 다른 60년 신화의 예고편일지도 모른다.",한국경제,https://n.news.naver.com/mnews/article/015/0005016643,2
21,20,2024-07-31 17:36:00,"디스플레이산업協·인도, 신시장 개척 협력","한국디스플레이산업협회 는 서울 송파구 디스플레이산업회관에서 국내 디스플레이 업계의 신시장 개척과 공급처 다변화 기반 마련을 위해 주한 인도 대사관과 간담회를 가졌다고 31일 밝혔다. 협회는 이날 간담회에서 인도대사관 측에 향후 디스플레이 업계의 안정적인 인도 진출 지원을 위한 협력 채널 구축, 한국과 인도 간 포괄적경제동반자협정 관련 업계 의견을 전달했다. 또 양국 디스플레이 산업 협력 방안 등을 논의했다. 현재 인도의 디스플레이 산업은 본격적으로 개화하지는 않은 상태다. 하지만 인도 정부의 적극적인 육성 정책과 글로벌 기업들의 중국 위주 공급망 구조 탈피 계획에 힘입어 디스플레이 생산의 신규 거점의 유력한 후보로 급부상 중이다. 애플이 9월 출시하는 최신 아이폰을 인도에서 생산하겠다고 밝힌 가운데, 인도 정부는 인도 내 전자제품 제조업 규모를 지난해 1007억달러에서 오는 2026년까지 약 3배 성장한 3000억달러 달성을 목표로 하고 있다. 특히 인도는 자국 내 제조업 육성 및 해외 투자 유입 촉진을 위한 정책도 펼치는 중이다. 현지 기업 베단타는 30억달러 규모 8세대 액정표시장치 공장 설립 계획을 발표하고, 대만 패널 기업 이노룩스와 기술 협정을 체결","한국디스플레이산업협회(KDIA)는 서울 송파구 디스플레이산업회관에서 국내 디스플레이 업계의 신시장 개척과 공급처 다변화 기반 마련을 위해 주한 인도 대사관과 간담회를 가졌다고 31일 밝혔다. 협회는 이날 간담회에서 인도대사관 측에 향후 디스플레이 업계의 안정적인 인도 진출 지원을 위한 협력 채널 구축, 한국과 인도 간 포괄적경제동반자협정(CEPA) 관련 업계 의견을 전달했다. 또 양국 디스플레이 산업 협력 방안 등을 논의했다. 현재 인도의 디스플레이 산업은 본격적으로 개화하지는 않은 상태다. 하지만 인도 정부의 적극적인 육성 정책과 글로벌 기업들의 중국 위주 공급망 구조 탈피 계획에 힘입어 디스플레이 생산의 신규 거점의 유력한 후보로 급부상 중이다. 애플이 9월 출시하는 최신 아이폰을 인도에서 생산하겠다고 밝힌 가운데, 인도 정부는 인도 내 전자제품 제조업 규모를 지난해 1007억달러에서 오는 2026년까지 약 3배 성장한 3000억달러 달성을 목표로 하고 있다. 특히 인도는 자국 내 제조업 육성 및 해외 투자 유입 촉진을 위한 정책도 펼치는 중이다. 현지 기업 베단타는 30억달러 규모 8세대 액정표시장치(LCD) 공장 설립 계획을 발표하고, 대만 패널 기업 이노룩스와 기술 협정을 체결하며 적극적인 행보를 보이고 있다. 일본 샤프 역시 인도에 대형 LCD 패널 생산라인 구축을 위해 인도 통신부와 논의하고 있는 것으로 알려졌다. 국내 기업 중에서는 삼성디스플레이가 인도 노이다에 진출해 2021년 4월부터 중소형 유기발광다이오드(OLED)를 양산하고 있으며, 삼성전자는 같은 지역에 최대 규모의 스마트폰 공장을 운영 중이다. 이동욱 한국디스플레이산업협회 부회장은 ""협회는 한국과 인도 간 상생 발전을 위한 정보를 교류하는 한편, 신규 디스플레이 생산라인 투자가 이뤄질 시 한국 디스플레이 소부장 기업들의 원활한 인도 진출을 위한 소통 창구 역할을 하겠다""고 말했다. (오른쪽부터) 이동욱 한국디스플레이산업협회 부회장과 니쉬 칸트 싱 주한인도대사관 부대사. 디스플레이산업협회 제공",디지털타임스,https://n.news.naver.com/mnews/article/029/0002891916,2
22,21,2024-07-31 17:16:00,"""갤워치·링 차고 서핑 즐긴다""…삼성, 양양서 '갤럭시 스튜디오 서핑' 운영","야외 활동에 특화된 '갤럭시 웨어러블 AI' 기능 체험 ""8월 18일까지 진행"" 삼성전자는 여름 휴가철을 맞아 강원도 양양 서피비치에서 '갤럭시 Z 폴드6', '갤럭시 Z 플립6', '갤럭시 워치 울트라'등 갤럭시 신제품을 체험할 수 있는 '갤럭시 스튜디오 서핑'을 오는 8월 18일까지 운영한다고 31일 밝혔다. 삼성전자 모델들이 강원 양양 서피비치에 위치한 '갤럭시 스튜디오 서핑'에 마련된 포토존에서 '갤럭시 Z 플립6'로 사진을 촬영하는 모습. '갤럭시 스튜디오 서핑'이 위치한 양양 '서피비치'는 최근 20 30세대에게 인기가 높은 국내 대표 여름 액티비티 휴양지다. 방문객들은 이 곳에서 '갤럭시 워치 울트라', '갤럭시 링' 등 야외 활동에 특화된 갤럭시 웨어러블 제품을 자유롭게 체험할 수 있으며, '갤럭시 Z 폴드6?Z 플립6'의 인공지능 카메라 기능도 체험할 수 있다. 예컨대 방문객들은 '갤럭시 워치 울트라'를 착용하고 사이클이나 서핑 머신을 타며, AI 운동 코칭을 받는 체험도 할 수 있다. 특히 사이클링 체험에서는 FTP를 AI 기술을 활용해 4분 만에 측정해 볼 수 있다. FTP는 사용자가 1시간 정도 지속 유지할 수 있는 최대 운동 평균 강도","야외 활동에 특화된 '갤럭시 웨어러블·AI' 기능 체험…""8월 18일까지 진행"" 삼성전자는 여름 휴가철을 맞아 강원도 양양 서피비치에서 '갤럭시 Z 폴드6', '갤럭시 Z 플립6', '갤럭시 워치 울트라'등 갤럭시 신제품을 체험할 수 있는 '갤럭시 스튜디오 서핑'을 오는 8월 18일까지 운영한다고 31일 밝혔다. 삼성전자 모델들이 강원 양양 서피비치에 위치한 '갤럭시 스튜디오 서핑'에 마련된 포토존에서 '갤럭시 Z 플립6'로 사진을 촬영하는 모습. [사진=삼성전자] '갤럭시 스튜디오 서핑'이 위치한 양양 '서피비치'는 최근 20·30세대에게 인기가 높은 국내 대표 여름 액티비티 휴양지다. 방문객들은 이 곳에서 '갤럭시 워치 울트라', '갤럭시 링' 등 야외 활동에 특화된 갤럭시 웨어러블 제품을 자유롭게 체험할 수 있으며, '갤럭시 Z 폴드6?Z 플립6'의 인공지능(AI) 카메라 기능도 체험할 수 있다. 예컨대 방문객들은 '갤럭시 워치 울트라'를 착용하고 사이클이나 서핑 머신을 타며, AI 운동 코칭을 받는 체험도 할 수 있다. 특히 사이클링 체험에서는 FTP를 AI 기술을 활용해 4분 만에 측정해 볼 수 있다. FTP는 사용자가 1시간 정도 지속 유지할 수 있는 최대 운동 평균 강도 지표다. 이와 함께 '갤럭시 워치 울트라'를 착용하고 서핑을 배울 수 있는 '갤럭시 서프 클래스'도 운영된다. 클래스 참여자에게는 '갤럭시 Z 폴드6?Z 플립6'로 촬영하고 '생성형 편집'기능으로 색다르게 편집한 기념 사진도 제공한다. 해당 클래스는 8월 18일까지 매일 오후 4시에 진행되며, 네이버 사전 예약을 통해 참여 신청을 받는다. 이 외에도 '갤럭시 Z 폴드6?Z 플립6'의 AI 카메라 기능을 활용해 해변을 배경으로 인생샷을 촬영할 수 있는 포토존도 마련됐다. 포토존에서는 최적의 셀피 구도를 설정해주는 '자동 줌' 기능과 간단한 손동작으로 사진을 촬영하는 '갤럭시 링'의 제스처 컨트롤(더블 핀치) 기능을 체험할 수 있다. 또 촬영된 사진을 '스케치 변환', '인물 사진 스튜디오' 등 AI 기반의 편집 기능을 활용해 더욱 특별하게 꾸며볼 수도 있다. 한편, 삼성전자는 고객들의 취향과 관심사에 맞춘 제품 체험 기회를 제공하기 위해 롯데월드 아쿠아리움과 롯데월드타워 서울스카이에서도 공간 맞춤형 갤럭시 스튜디오를 운영하고 있다. 롯데월드 아쿠아리움에서는 '갤럭시 스튜디오 아쿠아'를 운영하고 있으며, 롯데월드타워 서울스카이에서는 '갤럭시 스튜디오 스카이'를 운영한다. 두 곳 모두 8월 25일까지 진행된다.",아이뉴스24,https://n.news.naver.com/mnews/article/031/0000858247,3
23,22,2024-07-31 17:27:00,"콧대 높던 日의 변신…""현대차 전략 배우자""","10월 세계 경영자 회의 장재훈 사장, 대표 연사로 업계 ""일본 초청은 이례적 현대차 글로벌 성과 높이 평가"" 장재훈 현대자동차 사장 이 10월 일본에서 열리는 ‘세계 경영자 회의’에 대표 연사로 강단에 선다. 세계 1위 자동차 메이커가 버티고 있는 ‘도요타의 나라’에서 열리는 포럼에 현대차 사장이 연사로 나서는 건 매우 이례적인 일이다. 그만큼 현대차의 글로벌 위상이 높아졌다는 해석이 나온다. 31일 업계에 따르면 일본 니혼게이자이신문이 최근 회원들을 대상으로 공지한 ‘26회 세계 경영자 회의’의 주요 연사에 장 사장이 포함됐다. ‘시대의 흐름을 포착하고 변화를 주도하는 리더십’을 주제로 열리는 이번 포럼은 10월 28~29일 도쿄에서 열린다. 장 사장과 함께 세계 최대 사모펀드인 콜버그크래비스로버츠 의 헨리 크라비스 공동창업자 와 쓰사카 미키 일본 마이크로소프트 사장, 오사키 마사타카 엔비디아 부사장 등이 연사로 나선다. 닛케이와 국제경영개발연구원 이 공동 주최하는 세계 경영자 회의는 글로벌 기업 리더들이 모여 기업 전략 등을 논의하는 자리다. 국내에선 최태원 SK그룹 회장 과 김현석 전 삼성전자 사장 이 연설했다. 장 사장은 현대차의 미래 모빌리티 전략","10월 세계 경영자 회의 장재훈 사장, 대표 연사로 업계 ""일본 초청은 이례적 현대차 글로벌 성과 높이 평가"" 장재훈 현대자동차 사장(사진)이 10월 일본에서 열리는 ‘세계 경영자 회의’에 대표 연사로 강단에 선다. 세계 1위 자동차 메이커가 버티고 있는 ‘도요타의 나라’에서 열리는 포럼에 현대차 사장이 연사로 나서는 건 매우 이례적인 일이다. 그만큼 현대차의 글로벌 위상이 높아졌다는 해석이 나온다. 31일 업계에 따르면 일본 니혼게이자이신문이 최근 회원들을 대상으로 공지한 ‘26회 세계 경영자 회의’의 주요 연사에 장 사장이 포함됐다. ‘시대의 흐름을 포착하고 변화를 주도하는 리더십’을 주제로 열리는 이번 포럼은 10월 28~29일 도쿄에서 열린다. 장 사장과 함께 세계 최대 사모펀드인 콜버그크래비스로버츠(KKR)의 헨리 크라비스 공동창업자(회장)와 쓰사카 미키 일본 마이크로소프트(MS) 사장, 오사키 마사타카 엔비디아 부사장 등이 연사로 나선다. 닛케이와 국제경영개발연구원(IMD)이 공동 주최하는 세계 경영자 회의는 글로벌 기업 리더들이 모여 기업 전략 등을 논의하는 자리다. 국내에선 최태원 SK그룹 회장(2018년)과 김현석 전 삼성전자 사장(2021년)이 연설했다. 장 사장은 현대차의 미래 모빌리티 전략을 설명할 계획이다. 재계에선 현대차 사장이 초청된 배경으로 최근 몇 년간 급격하게 높아진 현대차그룹의 위상을 꼽는다. 현대차그룹은 2022년 도요타와 폭스바겐그룹에 이어 글로벌 3위(판매량 기준)에 오른 뒤 그 자리를 지키고 있다. 현대차와 기아는 올 2분기에도 사상 최대 매출(72조5885억원·합산 기준)과 영업이익(7조9228억원)을 올리는 등 순항하고 있다. 전기차 등 미래차 분야에선 도요타를 능가하는 실적을 내고 있다. 업계 관계자는 “자동차산업에 대한 자부심이 큰 일본이 현대차의 미래 모빌리티 전략을 듣기 위해 장 사장을 초청한 건 매우 이례적”이라며 “그만큼 현대차의 성과를 높이 평가한다는 의미”라고 말했다. 장 사장은 일본 방문 기간에 현지 시장도 점검할 계획이다. 현대차는 2009년 판매 부진으로 철수한 일본 시장에 2022년 재진출했다. 현재 넥쏘 수소전기차와 아이오닉5N 등 친환경 차를 판매하고 있다. 장 사장이 최근 140여 개 기업이 가입한 세계 최대 수소협의체인 ‘수소위원회’ 공동 의장에 선임된 만큼 도요타 등과 수소 생태계 구축과 관련한 협력 방안을 논의할 가능성도 거론되고 있다. 신정은 기자/도쿄=김일규 특파원 newyearis@hankyung.com",한국경제,https://n.news.naver.com/mnews/article/015/0005016589,2
24,23,2024-08-01 20:01:00,"삼성전자 노조, 임금손실 부담에 파업 종료…""업무복귀 후 장기투쟁""","5일 대표교섭노조 지위 만료 조합원에 현업 복귀 지침 전삼노, 1노조와 통합 예고 장기 투쟁 나섰지만 대표노조 지위는 미지수 전국삼성전자노동조합이 1일 오전 서울 용산구 한남동 이재용 삼성전자 회장 자택 앞에서 '이재용 회장 무노조 경영 폐기 약속을 지켜라' 삼성전자 파업 해결 회견을 하고 있다. 2024.8.1/뉴스1 ⓒ News1 = 삼성전자 최대 노동조합인 전국삼성전자노동조합 이 파업을 종료했다. 2023 2024년 임금교섭이 결렬된 데다 오는 5일 대표교섭권이 만료되는 만큼 조합원들의 임금 손실을 최소화한다는 취지다. 다만 전삼노는 장기 투쟁을 예고하고 있어 삼성전자 노사 갈등이 지속될 것으로 전망된다. 손우목 전삼노 위원장은 1일 오후 유튜브 라이브 방송을 통해 ""사측과 끝장교섭을 진행했지만 결렬됨에 따라 총파업 투쟁을 장기 투쟁으로 전환할 시점이 왔다고 생각한다""며 조합원들에게 현업 복귀 지침을 전달했다. 오는 5일 대표교섭권이 사라지면 파업도 진행할 수 없기 때문에 파업 참여 조합원들의 임금 손실을 최소화하겠다는 취지다. 지난달 8일부터 총파업에 돌입한 전삼노는 지난달 29~31일 사흘간 사측과 집중교섭을 벌였으나 결국 타협점을 찾지 못했다. 사","5일 대표교섭노조 지위 만료…조합원에 현업 복귀 지침 전삼노, 1노조와 통합 예고…장기 투쟁 나섰지만 대표노조 지위는 미지수 전국삼성전자노동조합이 1일 오전 서울 용산구 한남동 이재용 삼성전자 회장 자택 앞에서 '이재용 회장 무노조 경영 폐기 약속을 지켜라' 삼성전자 파업 해결 촉구 기자회견을 하고 있다. 2024.8.1/뉴스1 ⓒ News1 김성진 기자 (서울=뉴스1) 한재준 기자 = 삼성전자(005930) 최대 노동조합인 전국삼성전자노동조합(전삼노)이 파업을 종료했다. 2023·2024년 임금교섭이 결렬된 데다 오는 5일 대표교섭권이 만료되는 만큼 조합원들의 임금 손실을 최소화한다는 취지다. 다만 전삼노는 장기 투쟁을 예고하고 있어 삼성전자 노사 갈등이 지속될 것으로 전망된다. 손우목 전삼노 위원장은 1일 오후 유튜브 라이브 방송을 통해 ""사측과 끝장교섭을 진행했지만 결렬됨에 따라 총파업 투쟁을 장기 투쟁으로 전환할 시점이 왔다고 생각한다""며 조합원들에게 현업 복귀 지침을 전달했다. 오는 5일 대표교섭권이 사라지면 파업도 진행할 수 없기 때문에 파업 참여 조합원들의 임금 손실을 최소화하겠다는 취지다. 지난달 8일부터 총파업에 돌입한 전삼노는 지난달 29~31일 사흘간 사측과 집중교섭을 벌였으나 결국 타협점을 찾지 못했다. 사측은 교섭 막판에 △노조 총회 4시간 유급 노조활동 인정 △전 직원 50만 여가포인트 지급 △향후 성과급 산정 기준 개선 시 노조 의견 수렴 △연차 의무사용일수 15일에서 10일로 축소를 제시, 노조 측 안을 일부 수용했으나 노조 측이 조합원 대상 '삼성 패밀리넷' 200만 포인트를 추가 요구하면서 협상이 결렬된 것으로 알려졌다. 전삼노는 파업을 종료하고 장기 투쟁에 나선다는 방침이다. 대표교섭노조 지위가 사라지면 다른 노조가 교섭을 신청할 수 있는데, 이 경우 개별 교섭을 진행하거나 다시 교섭창구 단일화 절차를 밟아야 해 전삼노는 쟁의를 지속할 수 없다. 현재 삼성전자에는 사무직노조(1노조), 구미네트워크노조(2노조), 삼성전자노조 동행(동행노조·3노조), 전삼노(4노조), DX(디바이스경험)노조(5노조) 등 5개 노조가 있다. 동행노조를 제외한 다른 노조는 교섭을 신청하지 않겠다는 입장을 전삼노에 전했다. 전삼노는 오는 5일 삼성전자 첫 노조인 사무직노조와 통합을 예고했다. 손 위원장은 ""삼성전자에 처음으로 노조 깃발을 꽂은 1노조와 우리가 통합한다""며 ""우리가 1노조가 되는 것""이라고 말했다. 한편 전삼노는 이날 오전 10시 서울 용산구 한남동 소재 이재용 삼성전자 회장 자택 앞에서 기자회견을 열고 ""이 회장이 총파업 해결을 위해 직접 나서서 입장을 밝히라""고 주장했다.",뉴스1,https://n.news.naver.com/mnews/article/421/0007704053,14
25,24,2024-08-01 19:13:00,수출 10개월 연속 증가세...또 반도체 덕봤다 [앵커리포트],"미국 정부가 이달 중에 대중 반도체 장비 수출 규제를 강화할 예정이지만 한국 등 동맹국은 예외로 빠진다고 로이터통신이 보도했습니다. 로이터통신은 소식통을 인용해 미국이 다른 나라에서 중국으로 반도체 장비를 수출하지 못하게 막는 권한을 확대한 규정을 발표할 계획이라고 전했습니다. 이번 규정은 미국산 소프트웨어나 장비가 사용되면 다른 나라에서 만든 제품이더라도 미국 정부 허가를 받아야 한다는 규칙을 확장한 내용입니다. 미국은 이 규칙을 통해 중국기업 화웨이가 지난 5년간 외국 반도체를 수입하지 못하게 막아왔습니다. 미국 정부의 반도체 자국주의 강화 움직임 속에 우리나라 기업은 미국에 대한 투자를 늦추지 않고 있습니다. 삼성전자는 2026년 첫 가동을 목표로 텍사스주에 반도체 공장을 짓고 있는데요, 36조 5천억 원 추가 투자 계획도 밝혔습니다. SK하이닉스도 2028년 생산을 목표로 고대역폭메모리 공장 건설에 들어갑니다. 미국 정부의 반도체 보조금을 지원받아 시장 주도권을 이어가겠다는 포석으로 읽힙니다. '당신의 제보가 뉴스가 됩니다' YTN 검색해 채널 추가 02-398-8585","미국 정부가 이달 중에 대중 반도체 장비 수출 규제를 강화할 예정이지만 한국 등 동맹국은 예외로 빠진다고 로이터통신이 보도했습니다. 로이터통신은 소식통을 인용해 미국이 다른 나라에서 중국으로 반도체 장비를 수출하지 못하게 막는 권한을 확대한 규정을 발표할 계획이라고 전했습니다. 이번 규정은 미국산 소프트웨어나 장비가 사용되면 다른 나라에서 만든 제품이더라도 미국 정부 허가를 받아야 한다는 규칙을 확장한 내용입니다. 미국은 이 규칙을 통해 중국기업 화웨이가 지난 5년간 외국 반도체를 수입하지 못하게 막아왔습니다. 미국 정부의 반도체 자국주의 강화 움직임 속에 우리나라 기업은 미국에 대한 투자를 늦추지 않고 있습니다. 삼성전자는 2026년 첫 가동을 목표로 텍사스주에 반도체 공장을 짓고 있는데요, 36조 5천억 원 추가 투자 계획도 밝혔습니다. SK하이닉스도 2028년 생산을 목표로 고대역폭메모리 공장 건설에 들어갑니다. 미국 정부의 반도체 보조금을 지원받아 시장 주도권을 이어가겠다는 포석으로 읽힙니다. ※ '당신의 제보가 뉴스가 됩니다' [카카오톡] YTN 검색해 채널 추가 [전화] 02-398-8585 [메일] social@ytn.co.kr",YTN,https://n.news.naver.com/mnews/article/052/0002069038,4
26,25,2024-08-01 17:24:00,삼성 반도체 수장 “시황에만 의존해선 안돼…성과급 예상보다 높을 수도”,전영현 삼성전자 DS부문장 1일 사내 메시지 “시황 의존하면 작년처럼 또 악순환” 경계 노조 달래기 “예상보다 성과급 높을 것” 새 조직문화 ‘C.O.R.E’ 제시 “소통의 벽 제거” 전영현 삼성전자 디바이스솔루션 부문장 . 전영현 삼성전자 디바이스솔루션 부문장 이 2분기 삼성전자 반도체 실적 개선에 대해 “근본적인 경쟁력 회복보다는 시황이 좋아진 데 따른 것”이라고 평가하며 임직원들에게 경쟁력 강화를 주문했다. 전영현 부회장은 1일 오후 삼성전자 사내게시판에 올린 메시지를 통해 “근원적 경쟁력 회복 없이 시황에 의존하다 보면 또 다시 작년 같은 상황이 되풀이되는 악순환에 빠질 수밖에 없다”며 이같이 밝혔다. 지난 5월 삼성전자 반도체 사업의 새로운 수장이 된 전 부회장은 취임사 이후 처음으로 사내 메시지를 냈다. 삼성전자 반도체는 2분기 메모리 업황 회복으로 6조4500억원의 영업이익을 거두며 전체 영업이익 의 60% 이상을 책임졌다. 상반기 누적 영업이익은 8조4000억원에 육박한다. 하반기 범용 D램 가격 상승세가 지속되고 5세대 고대역폭메모리 양산이 본격화하면 연간 반도체 영업이익은 최대 26조원 수준에 달할 것으로 증권업계는 전망하고 있다. 전 부회,"전영현 삼성전자 DS부문장 1일 사내 메시지 “시황 의존하면 작년처럼 또 악순환” 경계 노조 달래기…“예상보다 성과급 높을 것” 새 조직문화 ‘C.O.R.E’ 제시 “소통의 벽 제거” 전영현 삼성전자 디바이스솔루션(DS) 부문장(부회장). [삼성전자 제공] [헤럴드경제=김현일 기자] 전영현 삼성전자 디바이스솔루션(DS) 부문장(부회장)이 2분기 삼성전자 반도체 실적 개선에 대해 “근본적인 경쟁력 회복보다는 시황이 좋아진 데 따른 것”이라고 평가하며 임직원들에게 경쟁력 강화를 주문했다. 전영현 부회장은 1일 오후 삼성전자 사내게시판에 올린 메시지를 통해 “근원적 경쟁력 회복 없이 시황에 의존하다 보면 또 다시 작년 같은 상황이 되풀이되는 악순환에 빠질 수밖에 없다”며 이같이 밝혔다. 지난 5월 삼성전자 반도체 사업의 새로운 수장이 된 전 부회장은 취임사 이후 처음으로 사내 메시지를 냈다. 삼성전자 반도체는 2분기 메모리 업황 회복으로 6조4500억원의 영업이익을 거두며 전체 영업이익(10조4400억원)의 60% 이상을 책임졌다. 상반기 누적 영업이익은 8조4000억원에 육박한다. 하반기 범용 D램 가격 상승세가 지속되고 5세대 고대역폭메모리(HBM3E) 양산이 본격화하면 연간 반도체 영업이익은 최대 26조원 수준에 달할 것으로 증권업계는 전망하고 있다. 전 부회장은 연간 경영성과에 따라 지급되는 성과급이 당초 계획보다 늘어날 수 있음을 시사했다. 그는 “당초 공지된 내용은 목표 영업이익 11조5000억원을 달성할 경우 초과이익성과급(OPI) 지급률이 0∼3%지만 현재 반도체 시황이 회복되고 이익률이 개선되고 있어 모든 임직원이 함께 노력한다면 OPI 지급률은 당초 예상보다 상당히 높을 것으로 보인다”고 밝혔다. 반도체 부문 직원들을 중심으로 결성된 전국삼성전자노동조합이 지난달 8일부터 성과급 제도 개선 등을 요구하며 총파업을 벌이고 있는 상황에서 노조 달래기 메시지로 풀이된다. 전 부회장은 조직문화의 대대적인 변화도 예고했다. 그는 부서간 소통의 벽, 문제를 숨기거나 회피하고 희망치만 반영된 비현실적인 계획을 보고하는 문화 확산 등을 경쟁력 약화의 원인으로 꼽았다. 전 부회장은 “이를 개선하기 위해 리더간, 부서간 소통을 강화해 소통의 벽을 제거해야 한다”며 “직급과 직책에 관계없이 안 되는 것은 안 된다고 인정하고 도전할 것은 도전하며 투명하게 드러내서 소통하는 반도체 고유의 치열한 토론문화를 재건해야 한다”고 강조했다. 그러면서 새 반도체 조직문화로 ‘C.O.R.E’를 제시했다. C.O.R.E는 문제 해결·조직간 시너지를 위해 소통하고(Communicate), 직급·직책과 무관한 치열한 토론으로 결론을 도출하며(Openly Discuss) 문제를 솔직하게 드러내(Reveal) 데이터를 기반으로 의사 결정하고 철저하게 실행한다는(Execute) 의미다. 전 부회장은 “부문장인 저부터 솔선수범해 조속히 경쟁력을 회복하고 더 나은 경영실적을 달성할 수 있도록 경영진 모두와 함께 최선을 다하겠다”며 “2024년 하반기를 DS 부문에 다시 없을 기회로 만들어 가자”고 당부했다.",헤럴드경제,https://n.news.naver.com/mnews/article/016/0002344230,4
27,26,2024-08-01 20:27:00,"총파업' 삼성전자 노조, 현업 복귀한다…""장기 플랜 전환할 때""","게릴라식 파업 준법 투쟁 예고 ""사무직노조 흡수통합해 제1노조 등극할 것"" 전삼노, 파업 해결 회견 = 삼성전자 사측과 전국삼성전자노동조합의 임금 인상 협상이 결렬되자 1일 오전 서울 용산구 이재용 삼성전자 회장 자택 앞에서 회견을 하고 있다. 2024.8.1 = 25일째 총파업을 진행 중인 삼성전자 노조가 현업에 복귀한다. 다만 파업을 접는 것이 아니라 '장기전'으로 전환, 향후 기습적인 부분 파업 등을 통해 임금 교섭을 위한 쟁의 활동은 이어간다는 입장이다. 전국삼성전자노동조합 은 1일 오후 유튜브 라이브방송을 통해 ""조합원의 경제적 부담을 줄이고 사측을 지속 압박할 투쟁으로 전환할 필요가 있다""며 ""현시점부터 5일까지 현업에 복귀해달라""고 밝혔다. 전삼노는 이어 ""이제는 장기 플랜으로 전환할 때""라며 ""끝장 교섭 결렬로 파업 투쟁이 장기화 국면에 접어들었기 때문에 앞으로 전개될 투쟁의 성공을 위해 지속 가능한 게릴라 파업과 준법 투쟁으로 나갈 것""이라고 덧붙였다. 노조 파업이 장기화 국면에 접어들며 조합원의 임금 손실 규모가 커지자 내부에서도 출구 전략을 모색할 필요가 있다는 의견이 나오는 데 따른 것으로 보인다. 앞서 지난달 8일 총파업에 돌입한 전삼","게릴라식 파업·준법 투쟁 예고…""사무직노조 흡수통합해 제1노조 등극할 것"" 전삼노, 파업 해결 촉구 기자회견 (서울=연합뉴스) 이재희 기자 = 삼성전자 사측과 전국삼성전자노동조합의 임금 인상 협상이 결렬되자 1일 오전 서울 용산구 이재용 삼성전자 회장 자택 앞에서 조합원들이 기자회견을 하고 있다. 2024.8.1 scape@yna.co.kr (서울=연합뉴스) 강태우 기자 = 25일째 총파업을 진행 중인 삼성전자 노조가 현업에 복귀한다. 다만 파업을 접는 것이 아니라 '장기전'으로 전환, 향후 기습적인 부분 파업(게릴라식 파업) 등을 통해 임금 교섭을 위한 쟁의 활동은 이어간다는 입장이다. 전국삼성전자노동조합(이하 전삼노)은 1일 오후 유튜브 라이브방송을 통해 ""조합원의 경제적 부담을 줄이고 사측을 지속 압박할 투쟁으로 전환할 필요가 있다""며 ""현시점부터 5일까지 현업에 복귀해달라""고 밝혔다. 전삼노는 이어 ""이제는 장기 플랜으로 전환할 때""라며 ""끝장 교섭 결렬로 파업 투쟁이 장기화 국면에 접어들었기 때문에 앞으로 전개될 투쟁의 성공을 위해 지속 가능한 게릴라 파업과 준법 투쟁으로 나갈 것""이라고 덧붙였다. 노조 파업이 장기화 국면에 접어들며 조합원의 임금 손실 규모가 커지자 내부에서도 출구 전략을 모색할 필요가 있다는 의견이 나오는 데 따른 것으로 보인다. 앞서 지난달 8일 총파업에 돌입한 전삼노는 지난달 29일부터 사흘간 사측과 임금 인상, 성과급 제도 개선 등을 놓고 협상을 벌였으나 끝내 합의점을 찾지 못했다. 전삼노는 ""오늘부터 복귀해도 되고 출근하더라도 게릴라 파업을 진행하게 되면 그때 일하다가도 나오면 된다""고 설명했다. 전삼노는 이와 함께 게릴라식 파업, 디지털 기록매체 복원 대응 지침, 녹취·채증 투쟁 등의 내용을 담은 상황별 대응 매뉴얼도 제시했다. 제1노조인 사무직노동조합과의 통합도 예고했다. 현재 삼성전자에는 전삼노(4노조)를 비롯해 총 5개 노조가 있다. 손우목 전삼노 위원장은 ""1노조와 흡수통합을 통해 다음주 월요일부터는 전삼노가 1노조가 된다""며 ""순서상으로나 규모상으로나 전삼노가 이제 1노조가 되는 것""이라고 강조했다. 전삼노의 조합원 수는 이날 오전 9시 기준 3만6천341명으로 집계됐다. 이는 삼성전자 전체 직원(약 12만5천명)의 29% 수준이다. 전삼노는 오는 5일까지 대표교섭 노조 지위가 보장되며, 6일부터 1개 노조라도 사측에 교섭을 요구하면 개별 교섭이 진행되거나 다시 교섭 창구 단일화를 진행해야 한다. 손 위원장은 앞서 이날 오전 서울 용산구 한남동 이재용 회장 자택 앞에서 연 기자회견에서 ""우리가 가장 큰 노조이기 때문에 대표 교섭권을 잃는 게 아니다""라며 ""새로 교섭권을 얻어야 하는 (3∼4개월) 기간 중 잠시 파업권을 잃을 뿐 이후 다시 교섭에 나서겠다""고 설명했다. 전삼노는 사회적 이슈화와 쟁의기금 마련을 위해 국회, 법조계, 시민단체와 연대하는 등 파업 규모를 더욱 키운다는 계획이다. 오는 5일에는 국회에서 기자회견을 할 예정이다. burning@yna.co.kr",연합뉴스,https://n.news.naver.com/mnews/article/001/0014848076,4
28,27,2024-08-01 18:18:00,"삼성 ""조직문화 쇄신"" 고삐 죄는데… 노조 JY 자택시위 ‘찬물’","전영현 ""新조직문화 C.O.R.E 조성"" DS부문 근원적 경쟁력 회복 강조 교섭결렬 전삼노 ""李회장 책임져야"" 5일 이후 대표교섭권 상실 ‘분수령’ 삼성전자 사측과 전국삼성전자노동조합의 임금 인상 협상이 결렬되자 1일 오전 서울 용산구 이재용 삼성전자 회장 자택 앞에서 회견을 하고 있다. 연합뉴스 본격적인 반도체 실적 부활에 나선 삼성전자가 내부 조직 문화 쇄신에 나선다. 반도체 사업의 근본적인 체질 개선으로 최근 1년여간 겪었던 최악의 불황을 재연하지 않겠다는 의지다. 이런 가운데 교섭 결렬을 선언한 삼성전자 대표 노조는 정계 시민단체와의 연대를 천명하며 쟁의 수위를 높이고 있어 '반도체 부활'에 찬물을 끼얹고 있다는 비난이 거세지고 있다. 전영현號, 반도체 새 조직 문화 도입 1일 업계에 따르면 전영현 반도체 부문 부문장 은 이날 오후 삼성전자 사내게시판에 ""지금 DS 부문은 근원적 경쟁력 회복이라는 절박한 과제에 직면해 있다""며 새로운 조직문화인 'C.O.R.E. 워크'를 조성하겠다고 밝혔다. 전 부회장이 도입에 나선 'C.O.R.E 워크'는 △문제 해결 조직간 시너지를 위해 소통하고 △직급 직책과 무관한 치열한 토론으로 결론을 도출하며 △문제를 솔직하","전영현 ""新조직문화 C.O.R.E 조성"" DS부문 근원적 경쟁력 회복 강조 교섭결렬 전삼노 ""李회장 책임져야"" 5일 이후 대표교섭권 상실 ‘분수령’ 삼성전자 사측과 전국삼성전자노동조합의 임금 인상 협상이 결렬되자 1일 오전 서울 용산구 이재용 삼성전자 회장 자택 앞에서 조합원들이 기자회견을 하고 있다. 연합뉴스 본격적인 반도체 실적 부활에 나선 삼성전자가 내부 조직 문화 쇄신에 나선다. 반도체 사업의 근본적인 체질 개선으로 최근 1년여간 겪었던 최악의 불황을 재연하지 않겠다는 의지다. 이런 가운데 교섭 결렬을 선언한 삼성전자 대표 노조는 정계·시민단체와의 연대를 천명하며 쟁의 수위를 높이고 있어 '반도체 부활'에 찬물을 끼얹고 있다는 비난이 거세지고 있다. ■전영현號, 반도체 새 조직 문화 도입 1일 업계에 따르면 전영현 반도체(DS)부문 부문장(부회장)은 이날 오후 삼성전자 사내게시판에 ""지금 DS 부문은 근원적 경쟁력 회복이라는 절박한 과제에 직면해 있다""며 새로운 조직문화인 'C.O.R.E. 워크'를 조성하겠다고 밝혔다. 전 부회장이 도입에 나선 'C.O.R.E 워크'는 △문제 해결·조직간 시너지를 위해 소통하고(Communicate) △직급·직책과 무관한 치열한 토론으로 결론을 도출하며(Openly Discuss) △문제를 솔직하게 드러내(Reveal) △데이터를 기반으로 의사 결정하고 철저하게 실행한다는(Execute) 의미다. 전 부회장은 게시글에서 ""2·4분기 실적 개선은 근본적인 경쟁력 회복보다는 시황이 좋아진 데 따른 것""이라며 ""근원적 경쟁력 회복 없이 시황에 의존하다 보면 또다시 작년 같은 상황이 되풀이되는 악순환에 빠질 수밖에 없다""고 진단했다. 전 부회장은 경쟁력이 약화된 원인으로 부서간 소통의 벽, 문제를 숨기거나 회피하고 희망치만 반영된 비현실적인 계획을 보고하는 문화 확산 등을 꼽았다. 전 부회장은 ""이를 개선하기 위해 리더간, 부서간 소통을 강화해 소통의 벽을 제거해야 한다""며 ""직급과 직책에 관계없이 안 되는 것은 안 된다고 인정하고, 도전할 것은 도전하며 투명하게 드러내서 소통하는 반도체 고유의 치열한 토론문화를 재건해야 한다""고 강조했다. 전 부회장은 지난해 초과이익성과급률(OPI) 0%를 기록해 사기가 저하된 반도체 부문 진작에도 나섰다. 전 부회장은 ""당초 공지된 내용은 경영계획 목표 영업이익 11조5000억원을 달성할 경우 OPI 지급률이 0∼3%""라며 ""하지만 현재 반도체 시황이 회복되고 이익률이 개선되고 있어 모든 임직원이 함께 노력한다면 OPI 지급률은 당초 예상보다 상당히 높을 것으로 보인다""고 밝혔다. ■삼성 노조, 5일 이후 '분수령' 반도체 경쟁력 제고를 위한 삼성전자의 조직문화 쇄신 노력과 달리 전날 '끝장 교섭' 결렬을 선언한 전국삼성전자노조(전삼노)는 이날 이재용 삼성전자 회장 자택 앞에서 기자회견을 열고 파업 장기화의 책임을 사측에 돌렸다. 전삼노는 오는 5일 국회에서 재차 기자회견을 열어 정계 및 시민단체와 연대해 정치 쟁점화에 나서겠다는 입장이다. 손우목 전삼노 위원장 등 집행부는 서울 용산구 한남동 이 회장 자택 앞에서 가진 기자회견에서 ""사측의 노동 존중 없는 안건 제안으로 교섭이 결렬됐다""며 ""지금이라도 이 회장이 책임 있는 자세를 보여줘야 한다""고 촉구했다. 앞서 사측은 이번 집중 교섭에서 전삼노와 사측의 임금 인상률 격차인 0.5%p보다 높은 50만 여가포인트를 교섭 카드로 제시했다. 전삼노는 그동안 2년간 임금 교섭이 제대로 진행되지 못한 점을 감안해 패밀리넷(자사 임직원 대상 제품 구매 사이트) 포인트 200만을 요구했지만, 이번에는 사측이 거부하면서 사흘간의 집중 교섭은 최종 결렬됐다. 전삼노는 이날부터 현업에 복귀해 장기전에 나선다. 파업 종료가 아닌 기습적인 부분 파업 등을 통해 임금 교섭을 위한 쟁의 활동을 이어간다는 입장이다. 다만, 오는 5일까지 보장되는 대표교섭노조 지위가 변수다. 5일 이후 다른 삼성전자 노조가 사측에 교섭을 요구하면 개별 교섭이 진행되거나 다시 교섭 창구 단일화 절차를 밟아야 한다. 이 경우 전삼노는 쟁의권을 잃게 돼 합법적인 파업이 불가능하다. 현재 삼성전자에는 4노조인 전삼노를 비롯해 △사무직노동조합(1노조) △구미네트워크노동조합(2노조) △동행노동조합(3노조) △삼성그룹초기업노동조합 삼성전자지부(옛 DX노조·5노조) 등 모두 5개 노조가 있다. 재계 관계자는 ""전삼노의 파업 쟁의를 반대하는 동행노조가 이의 제기를 할 경우 전삼노는 대표교섭권을 잃게 돼 수개월 이상 임금 교섭은 교착상태에 빠질 수밖에 없다""고 우려했다.",파이낸셜뉴스,https://n.news.naver.com/mnews/article/014/0005222199,2
29,28,2024-08-01 20:12:00,삼성전자 노조 “휴게시간 준수·휴일근로 거부 준법투쟁”,"임금교섭 최종 결렬 업무 복귀 결정 전국삼성전자노동조합와 삼성전자의 임금교섭이 결렬된 이튿날인 1일 오전 서울 용산구 이재용 삼성전자 회장 자택 앞에서 회견을 하고 있다. 연합뉴스 전국삼성전자노동조합 과 삼성전자의 임금교섭이 7월31일 최종 결렬됨에 따라 파업에 참가한 조합원들이 오는 5일까지 업무에 복귀하기로 했다. 전삼노는 휴게시간 준수와 휴일근로 거부 등 ‘준법투쟁’에 나서는 한편, 시민사회단체와 연대해 회사를 상대로 투쟁하기로 했다. 전삼노는 1일 오전 서울 한남동 이재용 삼성전자 회장 자택 회견을 열어 임금교섭 결렬 경위와 향후 투쟁 계획을 밝혔다. 손우목 전삼노 위원장은 “노조는 조합원과 직원들의 권리를 위해 최소한의 요구를 전달했을 뿐인데, 경영진은 노조의 요구를 들어주면 ‘진다’고 생각하고 있다”며 “사실상 ‘무노조 경영’을 계속하는 이재용 회장이 나서 사태를 해결해야 한다”고 주장했다. 지난 1월부터 시작된 전삼노와 회사의 교섭에서 막판까지 쟁점이 됐던 것은 ‘노조창립기념일 휴가 1일 보장’이었다. 전삼노는 ‘쉴 권리 보장’ 차원에서 이를 핵심 요구로 내세웠지만, 회사는 ‘조합원만을 위한 혜택은 불가하다’는 태도를 유지했다. 노동조합 및 노동","임금교섭 최종 결렬…업무 복귀 결정 전국삼성전자노동조합와 삼성전자의 임금교섭이 결렬된 이튿날인 1일 오전 서울 용산구 이재용 삼성전자 회장 자택 앞에서 조합원들이 기자회견을 하고 있다. 연합뉴스 전국삼성전자노동조합(전삼노)과 삼성전자의 임금교섭이 7월31일 최종 결렬됨에 따라 파업에 참가한 조합원들이 오는 5일까지 업무에 복귀하기로 했다. 전삼노는 휴게시간 준수와 휴일근로 거부 등 ‘준법투쟁’에 나서는 한편, 시민사회단체와 연대해 회사를 상대로 투쟁하기로 했다. 전삼노는 1일 오전 서울 한남동 이재용 삼성전자 회장 자택 앞에서 기자회견을 열어 임금교섭 결렬 경위와 향후 투쟁 계획을 밝혔다. 손우목 전삼노 위원장은 “노조는 조합원과 직원들의 권리를 위해 최소한의 요구를 전달했을 뿐인데, 경영진은 노조의 요구를 들어주면 ‘진다’고 생각하고 있다”며 “사실상 ‘무노조 경영’을 계속하는 이재용 회장이 나서 사태를 해결해야 한다”고 주장했다. 지난 1월부터 시작된 전삼노와 회사의 교섭에서 막판까지 쟁점이 됐던 것은 ‘노조창립기념일 휴가 1일 보장’이었다. 전삼노는 ‘쉴 권리 보장’ 차원에서 이를 핵심 요구로 내세웠지만, 회사는 ‘조합원만을 위한 혜택은 불가하다’는 태도를 유지했다. 노동조합 및 노동관계조정법에 따라 임금·노동조건에 대한 교섭권한은 노조에 있고, 단체협약은 조합원에게 적용된다. 하지만 회사는 노조와 합의하면 전 직원에게 적용해야 한다는 부담을 느껴 이러한 태도를 유지한 것으로 보인다. 전삼노에 자문하는 서범진 변호사(민주노총 금속노조 법률원)는 “회사는 유급휴가에 따른 비용 부담은 물론 노조가 투쟁해 모든 직원의 휴가가 늘어났다는 선례를 만들고 싶지 않았던 것”이라며 “이는 노조가 아닌 노사협의회와의 협의를 통해 임금·노동조건을 결정하는 삼성의 노무 정책과도 상통한다”고 말했다. 25일간의 파업에도 전삼노가 당장 얻은 것은 없지만 조직력은 확대됐다. 파업을 시작한 지난 8일 3만600여명에서 꾸준히 늘어 이날 3만6천여명을 기록했다. 특히 조직장악력을 바탕으로 파업하는 다른 대기업 노조와 달리, 전삼노 조합원들은 누리집, 에스엔에스(SNS) 등으로 전달된 정보를 바탕으로 ‘자발적’으로 파업에 참가했다. 기흥사업장 8인치 반도체 생산라인의 열악한 노동 환경과 이에 따라 상당수 노동자가 손가락 변형, 하지정맥류 등을 앓고 있다는 사실도 파업을 계기로 만들어진 조합원들의 단체대화방을 통해 널리 알려졌다. 8인치 라인 조합원 ㄱ씨는 이날 한겨레에 “협상이 타결됐다면 지금이라도 즐겁게 일할 수 있을 텐데 노조와 직원들을 무시하는 회사의 태도에 화가 난다”며 “그래도 우리가 어떻게 일해왔는지를 알릴 수 있게 됐다는 점에서 다행스럽게 생각한다”고 말했다. 다른 조합원 ㄴ씨도 “회사의 태도 때문에 애사심은 떨어졌지만, 파업을 거치면서 연차 사용이나 산업재해 같은 우리 권리를 더 깨닫게 됐다”고 말했다. 전삼노는 이날 저녁 조합원 대상 유튜브 방송을 통해 “오늘(1일)부터 오는 5일까지 현업에 복귀하고, 휴게시간 준수·휴일근로 거부·자유로운 연차사용 등 준법투쟁에 돌입한다”고 밝혔다. 이어 “시민사회단체와 연대해 삼성의 ‘무노조경영’을 알려 사회적 쟁점화하고, 노동자들의 근골격계 질환 등에 대한 집단산재 신청도 추진하겠다”고 밝혔다. 다만, 전삼노가 오는 5일부터 ‘교섭대표노조’의 지위를 잃어, 다른 노조가 단체교섭 요구를 할 수 있다는 점이 변수로 남아 있다. 교섭창구단일화 대신 회사가 특정 노조와 ‘개별교섭’하기로 결정한다면 또다른 갈등으로 비화될 가능성도 적지 않다. 삼성전자 관계자는 “개별교섭이나 창구 단일화 여부는 교섭 요구 상황을 지켜본 뒤 결정할 예정”이라고 밝혔다.",한겨레,https://n.news.naver.com/mnews/article/028/0002700886,2
30,29,2024-08-01 17:33:00,HBM 중국 공급 금지되나…삼성·SK 예의주시,"<앵커> 미국 정부가 중국에 대한 추가 반도체 규제 방안으로 고대역폭메모리, HBM 수출 제한에 나설 것이란 전망이 제기됐습니다. 당장 HBM 사업 역량을 강화하는 삼성전자와 SK하이닉스가 규제 영향권에 들어갈 수 있다는 관측입니다. 반도체 업계에선 당장 영향은 제한적이라면서도 한창 고성장 중인 AI 메모리 시장이 냉각될 수 있다는 우려도 나옵니다. 산업부 나왔습니다. , 몇 달 전부터 관련 소식이 들렸었는데 미국의 대중국 HBM 수출 제한이 임박했나봅니다. <기자> 네. 미국 블룸버그통신에서 지난 6월 한 차례 관련 보도를 했었는데요. HBM으로 규제 품목이 구체화된 모습입니다. 현지시간 31일 블룸버그통신은 미국 상무부가 이르면 다음달 말 삼성전자와 SK하이닉스, 마이크론이 중국 기업에 HBM을 공급하지 못 하도록 하는 내용을 담은 대중국 추가 제재 조치에 나선다고 보도했습니다. 해외 기업이 만든 제품이더라도 미국 기술이 사용됐다면 통제할 수 있는 해외직접제품규칙 제도에 기반해 수출 제한에 나선다는 겁니다. 삼성전자와 SK하이닉스는 미국 기업들의 장비와 소프트웨어를 활용하기 때문에 제재 적용 대상이 될 수 있다는 분석입니다. 외신은 ""최종 결정이 내려진 ","<앵커> 미국 정부가 중국에 대한 추가 반도체 규제 방안으로 고대역폭메모리, HBM 수출 제한에 나설 것이란 전망이 제기됐습니다. 당장 HBM 사업 역량을 강화하는 삼성전자와 SK하이닉스가 규제 영향권에 들어갈 수 있다는 관측입니다. 반도체 업계에선 당장 영향은 제한적이라면서도 한창 고성장 중인 AI 메모리 시장이 냉각될 수 있다는 우려도 나옵니다. 산업부 정재홍 기자 나왔습니다. 정 기자, 몇 달 전부터 관련 소식이 들렸었는데 미국의 대중국 HBM 수출 제한이 임박했나봅니다. <기자> 네. 미국 블룸버그통신에서 지난 6월 한 차례 관련 보도를 했었는데요. HBM으로 규제 품목이 구체화된 모습입니다. 현지시간 31일 블룸버그통신은 미국 상무부가 이르면 다음달 말 삼성전자와 SK하이닉스, 마이크론이 중국 기업에 HBM을 공급하지 못 하도록 하는 내용을 담은 대중국 추가 제재 조치에 나선다고 보도했습니다. 해외 기업이 만든 제품이더라도 미국 기술이 사용됐다면 통제할 수 있는 해외직접제품규칙(FDPR) 제도에 기반해 수출 제한에 나선다는 겁니다. 삼성전자와 SK하이닉스는 미국 기업들의 장비와 소프트웨어를 활용하기 때문에 제재 적용 대상이 될 수 있다는 분석입니다. 외신은 ""최종 결정이 내려진 건 아니""라고 전했습니다. HBM 단일 제품을 규제할지, AI 가속기 묶음 전체로 금지될지는 정해지지 않았습니다. <앵커> 중국의 AI 반도체 굴기를 저지하려는 미국의 의도로 보이는데, 한창 HBM 공급량을 늘리고 있는 우리 기업들에 대한 영향에 관심이 갑니다. <기자> 국가 안보와 정책적 이익 보호를 목적으로 미국은 2022년 10월부터 반도체 수출통제 조치를 시작했습니다. 지난해 제재 대상 기업에 중국의 AI 반도체 기업들이 추가되는 등 통제 조치는 매년 강화되고 있습니다. 중국 기업들은 최근 자체 HBM 기술 개발에도 열을 올리고 있습니다. 중국 내 1위 D램 기업인 창신메모리가 최근 HBM 칩을 고객사에 시연한 게 그 예입니다. 기술력은 우리 기업들에게 8년 이상 뒤떨어졌다고 평가받지만요. 미국 규제에도 보란듯이 중국 화웨이가 자체 칩을 제작했듯이 안심할 순 없는 상황입니다. 대중국 HBM 수출 통제에 대해 아직 구체적인 방안이 나오지 않았기에 우리 기업들은 분위기를 파악하며 미국의 발표를 예의주시하고 있습니다. 현재 HBM 공급물량의 대부분은 AI 가속기 시장 80% 이상을 장악한 엔비디아에 공급되고 있습니다. 나머지 물량도 AMD와 브로드컴 등 미국 팹리스 기업에 집중돼 있습니다. 이에 HBM에 대한 대중국 수출통제가 시작되더라도 당장에 영향은 적다는 시각이 지배적입니다. <앵커> 최근 엔비디아로부터 승인을 받은 삼성전자의 HBM3가 중국용 제품에 탑재되잖아요. 예상 보다 강도 높은 규제라면 향후 AI 메모리 공급을 확대한다는 측면에선 걸림돌이 될 확률도 있어 보입니다. <기자> 현재 엔비디아도 일부 제품을 중국 시장에 공급 중입니다. 단, 현재 주력 AI 가속기 H100 같이 고성능 칩 제재에 막혀있습니다. 이런 이유로 성능을 낮춘 중국 전용 칩을 만들어 팔고 있습니다. 삼성전자의 4세대 HBM3도 중국에 공급 예정인 H20에 탑재될 예정입니다. 업계에서는 H20 까지는 미국 정부가 허용할 것이라고 예상하지만, 실제 제재안이 어떻게 나올지는 섣불리 예측하기 어렵습니다. 대중국 반도체 제재로 중국 매출이 떨어졌던 엔비디아는 중국 전용칩을 활용해 매출을 끌어올릴 계획이었습니다. 이 계획에 차질이 생긴다면 HBM을 공급하는 우리 기업들의 실적에도 작게나마 영향을 줍니다. 무엇보다 AI 메모리 산업의 불확실성이 높아집니다. 이미 삼성전자와 SK하이닉스가 올해 하반기를 기점으로 HBM3E 12단 제품으로 넘어가고, 내년에는 HBM4 양산 준비를 합니다. 업계에서는 현재 주력 상품인 HBM3E 제품 수준으로 대중국 수출제한 기준이 설정될 것으로 내다봅니다. <앵커> 네. 잘 들었습니다.",한국경제TV,https://n.news.naver.com/mnews/article/215/0001173511,5
31,30,2024-08-01 17:43:00,"전영현 ""삼성 반도체, 근원 경쟁력 회복해야""","임직원에 ""다시 뛰자"" 주문 2분기 실적개선은 시황 덕분 경쟁력 강화 없인 악순환 빠져 새 키워드 'C O R E' 제시 부서 간 소통의 벽부터 제거 비현실적 계획 보고 문화 철폐 “2분기 실적이 좋아진 건 근본적인 경쟁력을 회복한 덕분이라기보다는 시황이 좋아진 데 따른 것입니다. 근원적 경쟁력 회복 없이 시황에 의존하다 보면 또다시 작년 같은 상황이 되풀이되는 악순환에 빠질 수밖에 없습니다.” 전영현 삼성전자 디바이스솔루션 부문장 이 1일 사내게시판을 통해 임직원들에게 ‘다시 뛰자’고 주문했다. 지난 5월 반도체 부문 수장에 오른 전 부회장이 임직원들에게 공식 메시지를 내놓은 건 이번이 처음이다. 삼성전자의 올해 2분기 실적은 지난해 동기 대비 크게 개선됐다. 매출이 74조683억원, 영업이익은 10조4439억원으로 지난해 동기 대비 각각 23%, 1462% 증가했다. 실적을 견인한 것은 반도체 부문이었다. 이 부문에서 매출 28조5600억원, 영업이익 6조4500억원을 올렸다. 전 부회장은 삼성전자 반도체 부문의 근본적인 경쟁력이 약해진 원인으로 ‘부서 간 소통의 벽’과 ‘비현실적인 계획을 보고하는 문화’를 꼽았다. 그는 “리더 간, 부서 간 소통을 강화","임직원에 ""다시 뛰자"" 주문 2분기 실적개선은 시황 덕분 경쟁력 강화 없인 악순환 빠져 새 키워드 'C·O·R·E' 제시 부서 간 소통의 벽부터 제거 비현실적 계획 보고 문화 철폐 “2분기 실적이 좋아진 건 근본적인 경쟁력을 회복한 덕분이라기보다는 시황이 좋아진 데 따른 것입니다. 근원적 경쟁력 회복 없이 시황에 의존하다 보면 또다시 작년 같은 상황이 되풀이되는 악순환에 빠질 수밖에 없습니다.” 전영현 삼성전자 디바이스솔루션(DS)부문장(부회장·사진)이 1일 사내게시판을 통해 임직원들에게 ‘다시 뛰자’고 주문했다. 지난 5월 반도체 부문 수장에 오른 전 부회장이 임직원들에게 공식 메시지를 내놓은 건 이번이 처음이다. 삼성전자의 올해 2분기 실적은 지난해 동기 대비 크게 개선됐다. 매출이 74조683억원, 영업이익은 10조4439억원으로 지난해 동기 대비 각각 23%, 1462% 증가했다. 실적을 견인한 것은 반도체 부문이었다. 이 부문에서 매출 28조5600억원, 영업이익 6조4500억원을 올렸다. 전 부회장은 삼성전자 반도체 부문의 근본적인 경쟁력이 약해진 원인으로 ‘부서 간 소통의 벽’과 ‘비현실적인 계획을 보고하는 문화’를 꼽았다. 그는 “리더 간, 부서 간 소통을 강화해 벽을 제거해야 한다”며 “직급과 직책에 관계없이 안 되는 것은 안 된다고 인정하고, 도전할 것은 도전하자”고 했다. 이어 “(모든 걸) 투명하게 드러내서 소통하는 반도체 고유의 치열한 토론 문화를 재건해야 한다”고 덧붙였다. 전 부회장은 새로운 반도체 조직문화인 ‘C.O.R.E. 워크’를 만들자고 제안했다. ‘C.O.R.E’는 문제 해결과 조직 간 시너지를 위해 △소통하고(Communicate) △직급·직책과 무관한 치열한 토론으로 결론을 도출하며(Openly Discuss) △문제를 솔직하게 드러내(Reveal) 데이터를 기반으로 의사결정하고 △철저하게 실행한다는(Execute) 의미다. 전 부회장은 “현재 우리는 어려운 상황에 처해 있지만 반도체 고유의 소통과 토론 문화, 축적된 연구 경험과 노하우를 토대로 빠르게 경쟁력을 회복할 수 있을 것”이라고 강조했다. 노조 달래기에도 나섰다. 전국삼성전자노동조합(전삼노)은 임금 인상, 성과급 분배 방식 개선 등을 요구하며 총파업에 돌입했다. 전 부회장은 “당초 공지된 내용은 경영계획 목표 영업이익 11조5000억원을 달성할 경우 초과이익성과급(OPI) 지급률이 0~3%라는 의미”라며 “현재 반도체 시황이 회복되고 이익률이 개선되고 있는 만큼 OPI 지급률은 당초 예상보다 상당히 높을 것으로 보인다”고 설명했다. 삼성전자는 인공지능(AI) 열풍으로 수요가 급증한 5세대 고대역폭메모리(HBM)인 HBM3E를 하반기에 본격 양산할 계획이다. 여기에 범용 D램과 낸드플래시 가격도 오르고 있는 만큼 하반기 실적은 상반기보다 좋을 것으로 관측된다. 전 부회장은 “부문장인 저부터 솔선수범해 조속히 경쟁력을 회복하고 더 나은 경영실적을 달성할 수 있도록 최선을 다하겠다”며 “2024년 하반기를 DS 부문에 다시 없을 기회로 만들어 가자”고 당부했다.",한국경제,https://n.news.naver.com/mnews/article/015/0005017098,3
32,31,2024-08-01 17:32:00,"최병광, 남자 경보 20㎞ 레이스에서 42위…우승은 에콰도르 [올림픽]","대한민국 육상대표팀 최병광 선수가 1일 오후 프랑스 파리 에펠탑 앞 트로카데로에서 진행된 2024 파리올림픽 남자 경보 20km 결승에서 힘차게 달리고 있다. 2024.8.1/뉴스1 ⓒ News1 = 남자 경보 최병광 이 자신의 세 번째 올림픽 무대에서 42위로 레이스를 마쳤다. 최병광은 1일 프랑스 파리 트로카데로 광장 인근에서 열린 2024 파리 올림픽 육상 남자 경보 20㎞에서 1시간22분04초의 기록으로 하위권에 머물렀다. 개인 최고 기록인 1시간20분29초보다도 1분35초 뒤졌다. 남자 경보 20㎞ 한국 기록은 김현섭 현 대표팀 코치가 2015년 달성한 1시간19분13초다. 대한민국 육상대표팀 최병광 선수가 1일 오후 프랑스 파리 에펠탑 앞 트로카데로에서 진행된 2024 파리올림픽 남자 경보 20km 결승에서 힘차게 달리고 있다. 2024.8.1/뉴스1 ⓒ News1 파리 대회는 최병광의 3번째 올림픽 무대였다. 그는 2016 리우 올림픽에서는 1시간29분08초로 57위, 2020 도쿄 대회에선 1시간28분12초로 37위에 자리했다. 금메달은 1시간18분55초에 결승선을 통과한 브라이언 핀타도 가 가져갔다. 카디오 본핌 이 14초 뒤처진 1시간19분","대한민국 육상대표팀 최병광 선수가 1일 오후(한국시간) 프랑스 파리 에펠탑 앞 트로카데로에서 진행된 2024 파리올림픽 남자 경보 20km 결승에서 힘차게 달리고 있다. 2024.8.1/뉴스1 ⓒ News1 박정호 기자 (서울=뉴스1) 이재상 기자 = 남자 경보 최병광(33·삼성전자)이 자신의 세 번째 올림픽 무대에서 42위로 레이스를 마쳤다. 최병광은 1일(한국시간) 프랑스 파리 트로카데로 광장 인근에서 열린 2024 파리 올림픽 육상 남자 경보 20㎞에서 1시간22분04초의 기록으로 하위권에 머물렀다. 개인 최고 기록인 1시간20분29초보다도 1분35초 뒤졌다. 남자 경보 20㎞ 한국 기록은 김현섭 현 대표팀 코치가 2015년 달성한 1시간19분13초다. 대한민국 육상대표팀 최병광 선수가 1일 오후(한국시간) 프랑스 파리 에펠탑 앞 트로카데로에서 진행된 2024 파리올림픽 남자 경보 20km 결승에서 힘차게 달리고 있다. 2024.8.1/뉴스1 ⓒ News1 박정호 기자 파리 대회는 최병광의 3번째 올림픽 무대였다. 그는 2016 리우 올림픽에서는 1시간29분08초로 57위, 2020 도쿄 대회에선 1시간28분12초로 37위에 자리했다. 금메달은 1시간18분55초에 결승선을 통과한 브라이언 핀타도(에콰도르)가 가져갔다. 카디오 본핌(브라질)이 14초 뒤처진 1시간19분9초로 은메달을 따냈고, 1시간19분11초의 알바로 마르틴(스페인)이 동메달을 획득했다. 대한민국 육상대표팀 최병광 선수가 1일 오후(한국시간) 프랑스 파리 에펠탑 앞 트로카데로에서 진행된 2024 파리올림픽 남자 경보 20km 결승에서 힘차게 달리고 있다. 2024.8.1/뉴스1 ⓒ News1 박정호 기자",뉴스1,https://n.news.naver.com/mnews/article/421/0007703827,4
33,32,2024-08-01 18:13:00,긴장 놓지않는 삼성 “실적 개선은 실력 아닌 시황호전 덕분”,"2분기 실적 발표 이튿날 전영현 부회장, 社內 메시지 전영현 삼성전자 부회장 . /뉴스1 삼성전자 반도체 사업을 담당하는 전영현 부회장 이 2분기 실적 발표 이튿날 “근본적인 경쟁력 회복보다는 시황이 좋아진 데 따른 것”이라며 “최고 반도체 기업의 위상을 되찾기 위해 새로운 조직 문화를 조성하겠다”고 밝혔다. 삼성전자는 DS 부문에서 지난 2분기 매출 28조5600억원, 영업이익 6조4500억원을 기록했다. 삼성전자가 6조원대 영업이익을 거둔 건 지난 2022년 2분기 이후 2년 만이다. 전 부회장은 1일 사내 게시판에 “최근 실적이 빠르게 개선되고 있지만 이는 근본적인 경쟁력 회복보다는 시황이 좋아진 데 따른 것이라고 생각한다”고 썼다. 또 “DS 부문은 근원적 경쟁력 회복이라는 절박한 과제에 직면해 있다”며 “근원적 경쟁력 회복 없이 시황에 의존하다 보면 또다시 작년 같은 상황이 되풀이되는 악순환에 빠질 수밖에 없다”고 밝혔다. 지난 5월 ‘원 포인트’ 인사로 취임한 전 부회장이 취임사 이외에 사내 구성원을 대상으로 공식 메시지를 낸 것은 이번이 처음이다. 그는 이처럼 삼성전자 반도체의 경쟁력이 약화된 원인으로 두 가지를 꼽았다. 우선 “부서 및 구성원 ","2분기 실적 발표 이튿날 전영현 부회장, 社內 메시지 전영현 삼성전자 부회장(DS 부문장). /뉴스1 삼성전자 반도체 사업을 담당하는 전영현 부회장(DS 부문장)이 2분기 실적 발표 이튿날 “근본적인 경쟁력 회복보다는 시황이 좋아진 데 따른 것”이라며 “최고 반도체 기업의 위상을 되찾기 위해 새로운 조직 문화를 조성하겠다”고 밝혔다. 삼성전자는 DS 부문에서 지난 2분기 매출 28조5600억원, 영업이익 6조4500억원을 기록했다. 삼성전자가 6조원대 영업이익을 거둔 건 지난 2022년 2분기 이후 2년 만이다. 전 부회장은 1일 사내 게시판에 “최근 실적이 빠르게 개선되고 있지만 이는 근본적인 경쟁력 회복보다는 시황이 좋아진 데 따른 것이라고 생각한다”고 썼다. 또 “DS 부문은 근원적 경쟁력 회복이라는 절박한 과제에 직면해 있다”며 “근원적 경쟁력 회복 없이 시황에 의존하다 보면 또다시 (14조8800억원의 적자를 낸) 작년 같은 상황이 되풀이되는 악순환에 빠질 수밖에 없다”고 밝혔다. 지난 5월 ‘원 포인트’ 인사로 취임한 전 부회장이 취임사 이외에 사내 구성원을 대상으로 공식 메시지를 낸 것은 이번이 처음이다. 그는 이처럼 삼성전자 반도체의 경쟁력이 약화된 원인으로 두 가지를 꼽았다. 우선 “부서 및 구성원 간 소통의 벽이 생겨 공동의 목표를 위한 진정한 소통이 이뤄지지 않았다”는 것이다. 또 “현재를 모면하기 위해 문제를 숨기거나 회피하고 희망치와 의지만 반영된 비현실적인 계획을 보고하는 문화가 커졌다”고 지적했다. 그는 “이를 개선하기 위해 리더 간, 부서 간 소통을 강화해 소통의 벽을 제거해야 한다”며 “특히 직급과 직책에 관계없이 안 되는 것은 안 된다고 인정하고 도전할 것은 도전해야 한다. 투명하게 드러내서 소통하는 반도체 고유의 치열한 토론 문화를 재건해야 한다”고 강조했다. 전 부회장은 ‘C.O.R.E’라는 이름의 새로운 조직 문화를 제시했다. 문제 해결과 조직 간 시너지를 위해 효과적으로 소통(Communicate)하고, 직급 및 직책과 무관한 치열한 토론으로 결론을 도출하고(Openly Discuss), 또 문제를 솔직하게 드러내어(Reveal) 데이터 기반으로 의사결정을 하고 철저하게 실행하는(Execute) 문화를 만들겠다는 뜻이다. 전 부회장은 “현재 우리는 어려운 상황에 처해 있지만 반도체 고유의 소통과 토론 문화가 축적된 연구 경험과 노하우를 토대로 빠르게 경쟁력을 회복할 수 있으리라 믿어 의심치 않는다”며 “부문장인 저부터 솔선수범하여 조속히 경쟁력을 회복하고 더 나은 경영 실적을 달성할 수 있도록 경영진 모두와 함께 최선을 다하겠다. 2024년 하반기를 DS 부문에 다시 없을 기회로 만들어 가자”고 했다. 전 부회장이 최근의 반도체 실적 개선에도 조직 내 긴장감을 주문한 것은 기술적으로 경쟁사를 앞서지 못하고 있다는 판단 때문이다. 삼성전자는 특히 인공지능(AI) 반도체 핵심 부품인 고대역폭 메모리(HBM)에서 경쟁사에 뒤져 있다는 평가를 받고 있다. 전 부회장 취임 후 HBM 전담팀을 새롭게 꾸미는 등 조직을 개편하고, 개발 로드맵을 원점에서 재검토 중인 것으로 알려졌다.",조선일보,https://n.news.naver.com/mnews/article/023/0003849968,2
34,33,2024-08-01 17:46:00,"삼성 노조, 이재용 회장 자택 찾아 “무노조 경영 철폐 약속 지켜야”","이 회장은 유럽 출장 삼성전자 사측과 전국삼성전자노동조합의 임금 인상 협상이 결렬되자 1일 오전 서울 용산구 이재용 삼성전자 회장 자택 앞에서 회견을 하고 있다. 전국삼성전자노동조합 이 1일 이재용 회장 자택 앞을 찾아 파업 해결을 촉구했다. 전삼노는 이날 오전 서울 용산구 한남동에 있는 이 회장 자택 회견을 열고 “이제는 이 회장이 총파업 해결을 위해 직접 나서 입장을 밝혀달라”고 했다. 손우목 전삼노 회견에서 “4년 전 이재용 회장이 ‘무노조 경영 철폐’와 노동 3권 인정을 이야기했지만 지켜지지 않고 있다”며 “이 회장이 본인의 약속을 지켜야 할 때”라고 했다. 다만 이재용 회장은 ‘2024 파리 올림픽’ 참관 등을 위해 유럽 출장 길에 올라있다. 지난달 8일 총파업에 돌입한 전삼노는 7월 29일부터 사흘간 사측과 임금 인상과 성과급 제도 개선 등을 놓고 협상했지만, 합의점을 찾지 못하고 최종 결렬을 선언했다. 전삼노는 오는 5일 회견을 계획하고 있다. 같은날 오후에는 유튜브 라이브 방송을 통해 세부 방침을 밝힐 예정이다.","이 회장은 유럽 출장 삼성전자 사측과 전국삼성전자노동조합의 임금 인상 협상이 결렬되자 1일 오전 서울 용산구 이재용 삼성전자 회장 자택 앞에서 조합원들이 기자회견을 하고 있다.[사진 연합뉴스] [이코노미스트 이병희 기자] 전국삼성전자노동조합(전삼노)이 1일 이재용 회장 자택 앞을 찾아 파업 해결을 촉구했다. 전삼노는 이날 오전 서울 용산구 한남동에 있는 이 회장 자택 앞에서 기자회견을 열고 “이제는 이 회장이 총파업 해결을 위해 직접 나서 입장을 밝혀달라”고 했다. 손우목 전삼노 위원장은 기자회견에서 “4년 전 이재용 회장이 ‘무노조 경영 철폐’와 노동 3권 인정을 이야기했지만 지켜지지 않고 있다”며 “이 회장이 본인의 약속을 지켜야 할 때”라고 했다. 다만 이재용 회장은 ‘2024 파리 올림픽’ 참관 등을 위해 유럽 출장 길에 올라있다. 지난달 8일 총파업에 돌입한 전삼노는 7월 29일부터 사흘간 사측과 임금 인상과 성과급 제도 개선 등을 놓고 협상했지만, 합의점을 찾지 못하고 최종 결렬을 선언했다. 전삼노는 오는 5일 국회에서 기자회견을 계획하고 있다. 같은날 오후에는 유튜브 라이브 방송을 통해 세부 방침을 밝힐 예정이다.",이코노미스트,https://n.news.naver.com/mnews/article/243/0000062686,4
35,34,2024-08-01 18:23:00,"[올림픽] 경보 최병광 ""42위 아쉽고 죄송합니다…계속 도전하겠습니다""","3회 연속 올림픽 출전 ""아직 더 잘할 수 있다고 믿는다"" '올림픽 3연속 출전' 최병광, 무사히 완주 = 2024 파리올림픽 육상 경보 남자 20km에 출전한 한국 최병광 이 1일 프랑스 파리 에펠탑 인근에 마련된 경보 경기장 결승선을 42위로 통과하고 있다. 최병광은 2016년 리우데자네이루 대회부터 3회 연속 올림픽을 출전했다. 2024.8.1 = 최병광 은 덥고 습한 날씨에 '뛰고 싶은 욕구'를 누르고 20㎞를 걸어서 결승점에 도달했다. 레이스를 마치고 쓰러져 한동안 일어나지 못한 선수가 있을 정도로 힘든 환경이었다. 그런 힘든 경기를 마치고도 최병광은 ""메이저 대회에서 계속 좋은 모습을 보여드리지 못하고 있어 죄송하다""고 사과부터 했다. 하지만, 현재 한국 경보에는 최병광 외에는 올림픽, 세계선수권 등 메이저 대회에 출전할 선수가 없다. 메이저 대회에서 좌절감을 느끼다가도, 최병광이 늘 다시 일어서는 이유다. 이에나 다리에서 경보를 = 2024 파리올림픽 육상 경보 남자 20km에 출전한 각국의 선수들이 1일 프랑스 파리 에펠탑 인근에 마련된 경보 경기장에서 레이스를 펼치고 있다. 이 경기에 출전한 최병광은 2016년 리우데자네이루 대회부터 3회 연","3회 연속 올림픽 출전…""아직 더 잘할 수 있다고 믿는다"" '올림픽 3연속 출전' 최병광, 무사히 완주 (파리=연합뉴스) 임화영 기자 = 2024 파리올림픽 육상 경보 남자 20km에 출전한 한국 최병광(62번)이 1일(현지시간) 프랑스 파리 에펠탑 인근에 마련된 경보 경기장 결승선을 42위로 통과하고 있다. 최병광은 2016년 리우데자네이루 대회부터 3회 연속 올림픽을 출전했다. 2024.8.1 hwayoung7@yna.co.kr (파리=연합뉴스) 하남직 기자 = 최병광(33·삼성전자)은 덥고 습한 날씨에 '뛰고 싶은 욕구'를 누르고 20㎞를 걸어서 결승점에 도달했다. 레이스를 마치고 쓰러져 한동안 일어나지 못한 선수가 있을 정도로 힘든 환경이었다. 그런 힘든 경기를 마치고도 최병광은 ""메이저 대회에서 계속 좋은 모습을 보여드리지 못하고 있어 죄송하다""고 사과부터 했다. 하지만, 현재 한국 경보에는 최병광 외에는 올림픽, 세계선수권 등 메이저 대회에 출전할 선수가 없다. 메이저 대회에서 좌절감을 느끼다가도, 최병광이 늘 다시 일어서는 이유다. 이에나 다리에서 경보를 (파리=연합뉴스) 임화영 기자 = 2024 파리올림픽 육상 경보 남자 20km에 출전한 각국의 선수들이 1일(현지시간) 프랑스 파리 에펠탑 인근에 마련된 경보 경기장에서 레이스를 펼치고 있다. 이 경기에 출전한 최병광은 2016년 리우데자네이루 대회부터 3회 연속 출전한 올림픽을 42위로 마쳤다. 2024.8.1 hwayoung7@yna.co.kr 최병광은 1일 프랑스 파리의 에펠탑과 트로카데로 광장을 잇는 이에나 다리에 설치한 경보 코스에서 열린 2024 파리 올림픽 육상 남자 경보 20㎞ 결선에 출전해 1시간26분15초로, 경기에 나선 49명 중 42번째로 결승선을 통과했다. 1차 목표인 완주에는 성공했지만, 기록과 순위는 만족스럽지 않았다. 최병광은 2016년 리우데자네이루 대회 57위(1시간29분08초), 2021년 도쿄 대회 37위(1시간28분12초)를 했다. 이번 대회에서는 20위권 진입을 목표로 세웠지만, 도쿄 대회보다 순위가 낮았다. 최병광은 세계육상선수권에는 2013년 모스크바(38위), 2015년 베이징(45위), 2017년 런던(31위), 2019년 도하(21위), 2022년 유진(34위) 등 5번 출전했는데, 아직 세계선수권 목표인 톱10 진입을 이루지 못했다. 에펠탑 활보하는 전세계 건각들 (파리=연합뉴스) 임화영 기자 = 2024 파리올림픽 육상 경보 남자 20km에 출전한 각국의 선수들이 1일(현지시간) 프랑스 파리 에펠탑 인근에 마련된 경보 경기장에서 레이스를 펼치고 있다. 이 경기에 출전한 최병광은 2016년 리우데자네이루 대회부터 3회 연속 출전한 올림픽을 42위로 마쳤다. 2024.8.1 hwayoung7@yna.co.kr 최병광은 ""올림픽, 세계선수권 출전에만 의미를 두는 선수로 머물지 않아야 한다""며 ""메이저 대회에서 좋은 모습을 보여 드려야 응원해주신 분들께 보답할 수 있는데 너무 죄송하다""고 고개 숙였다. 하지만, 좌절할 시간마저도 아깝다. 최병광은 ""파리 올림픽은 내 은퇴 무대가 아니다. 나는 더 걸어야 하는 선수""라며 ""더 열심히 해서, 더 높은 곳에 올라가고자 노력할 것이다. 도전을 이어가겠다""고 했다. 그는 ""오늘 세계 정상급 선수와 경기하면서 내가 부족하다는 걸 다시 한번 깨달았다. 주어진 환경에서 최선을 다해 준비했지만, 부족한 점이 많았다""며 ""내일 귀국하면 바로 무엇이 문제였는지 분석하겠다""고 덧붙였다 최병광, 태극기 응원 받으며 (파리=연합뉴스) 임화영 기자 = 2024 파리올림픽 육상 경보 남자 20km에 출전한 한국 최병광(62번)이 1일(현지시간) 프랑스 파리 에펠탑 인근에 마련된 경보 경기장에서 레이스를 펼치고 있다. 최병광은 2016년 리우데자네이루 대회부터 3회 연속 출전했던 올림픽을 42위로 마쳤다. 2024.8.1 hwayoung7@yna.co.kr 경보는 비인기 종목이다. 한국 경보의 저변은 더 얇다. 최병광은 ""한국 경보에도 올림픽, 세계선수권에 출전할 선수가 있다는 걸 알려야 한다는 책임감을 느낀다. 3회 연속 올림픽에 출전한 것에는 자부심을 느낀다""며 ""경보가 조금 더 관심을 얻으려면 메이저 대회에서 더 나은 성적을 올려야 하는데 아직 거기에는 도달하지 못했다. 오늘 결과도 아쉽다""고 했다. 하지만, 그는 계속해서 세계의 벽을 두드릴 생각이다. 최병광은 ""30대가 됐지만, 나는 아직 더 잘할 수 있다고 믿는다""며 ""2028년 로스앤젤레스 올림픽 출전에도 도전하고 싶다""고 밝혔다. 한국의 십 대, 이십 대 경보 선수들은 최병광을 보며 올림픽 출전의 꿈을 키운다. 최병광은 ""나는 고교 2학년 때까지 800ｍ 선수로 뛰다가 경보로 전향했다""며 ""주현명, 김민규 등 나보다 더 재능 있는 후배들이 있다. 후배들에게 '국내 1위 말고, 세계 무대를 바라봐야 한다'고 강조한다. 다음에는 후배들과 함께 올림픽에 출전하고 싶다""고 바랐다. 최병광이 포기하면, 한국 경보는 세계 무대와 더 멀어진다. 다행하게도, 최병광은 아직 포기하지 않았다. jiks79@yna.co.kr",연합뉴스,https://n.news.naver.com/mnews/article/001/0014847823,2
36,35,2024-08-01 18:20:00,"갤Z6’ 출시 덕 본 이통3사, 번호이동 시장 장악력 더 커졌다","갤Z6 시리즈 전환지원금 ‘0’에도 사전예약 등 번호이동 수요 몰려 알뜰폰은 3월 이후 둔화세 뚜렷 '자급제+알뜰폰’ 흥행공식 깨져 지난 7월 갤럭시Z폴드6 플립6 출시로 번호이동 시장이 반등한 가운데, 신규 프리미엄 스마트폰 출시 수혜는 이동통신 3사 중심으로 몰렸다. 신규 스마트폰에 전환지원금을 책정하지 않은 상태에서도 알뜰폰 대비 우위를 가져갔다. 이통 3사는 갤럭시Z6에 대한 사전예약 출시 일정이 진행된 올 7월 지난 스마트폰 출시 시점 대비 가장 많은 번호이동 건수를 기록했다. 반면, 이통 3사에서 알뜰폰으로 넘어간 번호이동 수는 올 7월 처음으로 반등했지만, 과거 신규 스마트폰 출시 시점 대비 동력이 현저히 낮아졌다는 평가다. 갤Z6發 번호이동 시장 반등 1일 한국통신사업자연합회 에 따르면 지난달 SK텔레콤, KT, LG유플러스, 알뜰폰 의 총 번호이동 건수는 37만9823건을 기록했다. 올해 들어 5월에 이어 두번째 높은 월별 수치로, 6월 에 비해선 4만건 이상 증가했다. 지난달 사전예약과 공식 출시 일정이 진행된 삼성전자의 신규 인공지능 폴더블폰 갤럭시Z6가 번호이동 시장에 자극을 줬을 것으로 해석된다. 업계는 통상적으로 신규 프리미엄 스마트","갤Z6 시리즈 전환지원금 ‘0’에도 사전예약 등 번호이동 수요 몰려 알뜰폰은 3월 이후 둔화세 뚜렷 '자급제+알뜰폰’ 흥행공식 깨져 지난 7월 갤럭시Z폴드6·플립6(갤럭시Z6) 출시로 번호이동 시장이 반등한 가운데, 신규 프리미엄 스마트폰 출시 수혜는 이동통신 3사 중심으로 몰렸다. 신규 스마트폰에 전환지원금을 책정하지 않은 상태에서도 알뜰폰(MVNO) 대비 우위를 가져갔다. 이통 3사는 갤럭시Z6에 대한 사전예약·출시 일정이 진행된 올 7월 지난 스마트폰 출시 시점(2023~2024년) 대비 가장 많은 번호이동 건수를 기록했다. 반면, 이통 3사에서 알뜰폰으로 넘어간 번호이동 수는 올 7월 처음으로 반등했지만, 과거 신규 스마트폰 출시 시점 대비 동력이 현저히 낮아졌다는 평가다. ■갤Z6發 번호이동 시장 반등 1일 한국통신사업자연합회(KTOA)에 따르면 지난달 SK텔레콤, KT, LG유플러스, 알뜰폰(알뜰폰에서 알뜰폰으로 넘어간 번호이동은 제외)의 총 번호이동 건수는 37만9823건을 기록했다. 올해 들어 5월에 이어 두번째 높은 월별 수치로, 6월(33만9553건)에 비해선 4만건 이상 증가했다. 지난달 사전예약과 공식 출시 일정이 진행된 삼성전자의 신규 인공지능(AI) 폴더블폰 갤럭시Z6가 번호이동 시장에 자극을 줬을 것으로 해석된다. 업계는 통상적으로 신규 프리미엄 스마트폰 출시 시점을 기기변경·번호이동 시장의 성수기로 보고 있다. 지난달 전체 번호이동 규모는 앞선 올해와 지난해 스마트폰이 출시된 시점과 비교해도 높은 수준이다. 갤럭시Z플립5·폴드5(갤럭시Z5)가 출시된 지난해 8월(39만6698건)에 이어 두번째로 높은 수치다. 지난달 이통사별 번호이동 건수도 6월 대비 모두 반등했다. ■3사, 전환지원금 없이 수혜…'알뜰자급제' 공식 깨지나 이번 갤럭시Z6 출시 시점엔 이통 3사의 번호이동 시장 장악력도 높아진 점도 특징이다. 심지어 이통 3사 모두 갤럭시Z6에 전환지원금을 책정하지 않은 상황이다. 지난달 알뜰폰에서 이통 3사로 유입된 번호이동 건수는 지난 2년 간 수치 중 가장 높았다. SKT, KT, LG유플러스 각 이통사별 번호이동 규모도 앞선 2년 중 지난달 정점을 찍었다. 각사별 번호이동 건수도 올해 4월을 기점으로 주도권이 이통사에 넘어간 상태다. 같은 기간 이통 3사에 알뜰폰으로 유입된 번호이동 규모는 올해 처음으로 반등했지만 둔화세는 짙어졌다는 평가다. 알뜰폰 번호이동 유입은 앞선 갤럭시S23 시리즈, 갤럭시Z5, 아이폰15 시리즈, 갤럭시S24 시리즈 출시월에 모두 10만~12만건대를 기록해 왔다. 전환지원금이 도입된 올해 3월 9만건대로 떨어진 이후 갤럭시Z6 출시월엔 7만건대를 기록했다. 한 통신업계 관계자는 ""알뜰폰 번호이동·알뜰폰 자급제 조합은 2030 수요가 비교적 높은 아이폰에 집중돼 있는 측면이 있다""고 짚었다. 이번 갤럭시Z6 출시 효과에 대해선 ""현재까지 전환지원금으로 인한 번호이동 영향은 미미한 것으로 파악하고 있다""며 ""플래그십(최상위기종) 출시에 따른 계절적 단말 수요 증가, 이통 3사의 중저가 요금제로 인한 알뜰폰과의 요금 갭 축소 등이 영향을 끼쳤을 것으로 본다""고 덧붙였다.",파이낸셜뉴스,https://n.news.naver.com/mnews/article/014/0005222205,2
37,36,2024-08-01 17:45:00,최대 50% 파격 할인…'AI=삼성' 굳힌다,"삼성전자 AI 세일 페스타 매주 특가 제품 한정 판매 여러개 사면 패키지 혜택도 전국 온 오프라인매장서 진행 삼성전자가 인공지능 기능이 적용된 여러 신제품을 최대 50% 할인된 가격에 판매하는 'AI 세일 페스타'를 8월 한 달간 연다. 1일 삼성스토어 대치점에서 모델들이 행사 제품을 소개하고 있다. /삼성전자 제공 삼성전자가 인공지능 이 적용된 여러 신제품을 최대 50% 할인된 가격에 판매하는 ‘삼성전자 AI 세일 페스타’를 전국 온 오프라인 매장에서 한다. 대상 품목은 가전, TV, 스마트폰 등 17가지 기기다. 삼성전자는 이번 행사를 통해 ‘AI는 곧 삼성’이란 이미지를 확산해나갈 계획이다. 삼성전자는 8월 한 달간 AI 세일 페스타를 연다고 1일 밝혔다. 행사 기간 삼성닷컴에서 매주 새로운 특가 제품을 한정 수량으로 판매하는 ‘쇼킹 프라이스’ 이벤트를 한다. 최대 50% 할인해주는 이벤트 제품은 매주 목요일 공개한다. 구매 금액에 따라 다양한 사은품도 지급한다. 삼성전자가 8월에 대규모 할인 행사를 연 것은 이번이 처음이다. 그동안 삼성전자는 매년 1월 ‘세일 페스타’를 했다. 회사 관계자는 “삼성전자의 다양한 AI 제품을 사랑해준 소비자의 성원에 보","삼성전자 AI 세일 페스타 매주 특가 제품 한정 판매 여러개 사면 패키지 혜택도 전국 온·오프라인매장서 진행 삼성전자가 인공지능(AI) 기능이 적용된 여러 신제품을 최대 50% 할인된 가격에 판매하는 'AI 세일 페스타'를 8월 한 달간 연다. 1일 삼성스토어 대치점에서 모델들이 행사 제품을 소개하고 있다. /삼성전자 제공 삼성전자가 인공지능(AI)이 적용된 여러 신제품을 최대 50% 할인된 가격에 판매하는 ‘삼성전자 AI 세일 페스타’를 전국 온·오프라인 매장에서 한다. 대상 품목은 가전, TV, 스마트폰 등 17가지 기기다. 삼성전자는 이번 행사를 통해 ‘AI는 곧 삼성’이란 이미지를 확산해나갈 계획이다. 삼성전자는 8월 한 달간 AI 세일 페스타를 연다고 1일 밝혔다. 행사 기간 삼성닷컴에서 매주 새로운 특가 제품을 한정 수량으로 판매하는 ‘쇼킹 프라이스’ 이벤트를 한다. 최대 50% 할인해주는 이벤트 제품은 매주 목요일 공개한다. 구매 금액에 따라 다양한 사은품도 지급한다. 삼성전자가 8월에 대규모 할인 행사를 연 것은 이번이 처음이다. 그동안 삼성전자는 매년 1월 ‘세일 페스타’를 했다. 회사 관계자는 “삼성전자의 다양한 AI 제품을 사랑해준 소비자의 성원에 보답하기 위해 행사를 마련했다”고 설명했다. 행사 첫 주에는 파리올림픽 관전 필수품인 TV와 에어컨, 태블릿, 냉장고, 모니터 등 AI가 적용된 제품이 무대에 오른다. 냉장고, 공기청정기, 청소기 등이 뒤를 잇는다. 삼성전자의 AI 가전은 사용자 패턴에 맞춰 알아서 최적의 모드로 작동한다. 세탁건조기 ‘비스포크 AI 콤보’는 세탁물 무게, 옷감 등을 감지해 최적의 상태로 건조하는 AI 맞춤 코스를 제공한다. ‘비스포크 AI 패밀리허브’ 냉장고는 약 100만 장의 식품 사진을 학습한 AI를 통해 식재료 관리를 돕는다. 식자재를 토대로 사용자 식습관에 맞는 조리법도 제안한다. 전력 소비도 대폭 절감할 수 있다. AI 절약 모드를 활용하면 냉장고는 10%, 에어컨은 20%, 세탁기는 최대 70%까지 전력 소비가 줄어든다. ‘비스포크 AI 무풍 갤러리’ 에어컨은 말로 복잡한 명령을 할 수 있다. “지금 날씨에 맞는 모드로 변경해줘”라고 말하면 외부 날씨를 감지해 최적의 모드로 운전한다. 삼성 AI 제품을 여러 개 구매할 때 제공하는 ‘AI 패키지’ 혜택도 강화했다. 2개 이상 품목을 동시에 사면 품목당 최대 30만원 상당의 포인트 또는 할인 혜택을 준다. 스마트폰 구매 혜택도 제공한다. 최신형 갤럭시Z폴드·플립6를 구매하면서 기존 갤럭시 스마트폰을 반납하면 모델에 따라 최대 110만원을 보상해준다. 삼성전자 관계자는 “다채로운 AI 제품을 만날 수 있는 이번 행사를 통해 ‘AI=삼성’이라는 공식을 굳혀나갈 것”이라고 말했다.",한국경제,https://n.news.naver.com/mnews/article/015/0005017102,2
38,37,2024-08-01 17:17:00,"우리페이, 스마트폰 태그만으로 간편결제 가능","삼성월렛 결제 방식 도입 우리금융그룹은 우리페이가 삼성월렛의 비접촉 결제 방식을 도입해 스마트폰 태그만으로 간편결제를 할 수 있게 됐다고 1일 밝혔다. 이로써 바코드 및 QR코드로만 결제했었던 기존과 비교해 쉽고 빠르게 결제할 수 있어 우리페이 편의성이 크게 개선될 것으로 기대된다. 우리페이는 △우리은행 입출금계좌 △우리카드 등을 결제수단으로 등록해 온라인을 비롯한 국내외 가맹점에서 앱으로 결제하는 모바일 간편결제 서비스다. 스마트폰 하나만 있으면 언제 어디서든 간편하게 결제할 수 있는 편의성을 갖추고 있다. 이번에 우리금융 우리페이가 선보이는 결제는 삼성월렛이 사용하는 ‘MST ’ 방식이다. ‘MST’방식을 통해 디지털화한 결제 정보를 결제 단말기로 전송해 대금을 정산한다. 국내 여러 페이먼트가 이 방식을 사용하고 있다. 한편 우리금융은 결제 시간 단축을 위해 우리페이 위젯도 제공한다. 우리WON뱅킹 어플을 길게 눌러 위젯을 설정하면 스마트폰 바탕화면에 아이콘이 생성되고, 결제시 비밀번호 여섯 자리만 입력하면 된다. 우리금융 관계자는 “우리페이 사용처 확대와 편의 제공을 위해 삼성전자와 협업으로 비접촉 결제 방식을 전격 도입했다”며 “우리금융은 사용자 중심","삼성월렛 결제 방식 도입 [이데일리 정두리 기자] 우리금융그룹은 우리페이가 삼성월렛의 비접촉 결제 방식을 도입해 스마트폰 태그만으로 간편결제를 할 수 있게 됐다고 1일 밝혔다. 이로써 바코드 및 QR코드로만 결제했었던 기존과 비교해 쉽고 빠르게 결제할 수 있어 우리페이 편의성이 크게 개선될 것으로 기대된다. 우리페이는 △우리은행 입출금계좌 △우리카드(신용/체크) 등을 결제수단으로 등록해 온라인을 비롯한 국내외 가맹점에서 앱으로 결제하는 모바일 간편결제 서비스다. 스마트폰 하나만 있으면 언제 어디서든 간편하게 결제할 수 있는 편의성을 갖추고 있다. 이번에 우리금융 우리페이가 선보이는 결제는 삼성월렛이 사용하는 ‘MST(Magnetic Secure Transmission)’ 방식이다. ‘MST’방식을 통해 디지털화한 결제 정보를 결제 단말기로 전송해 대금을 정산한다. 국내 여러 페이먼트가 이 방식을 사용하고 있다. 한편 우리금융은 결제 시간 단축을 위해 우리페이 위젯도 제공한다. 우리WON뱅킹 어플을 길게 눌러 위젯을 설정하면 스마트폰 바탕화면에 아이콘이 생성되고, 결제시 비밀번호 여섯 자리만 입력하면 된다. 우리금융 관계자는 “우리페이 사용처 확대와 편의 제공을 위해 삼성전자와 협업으로 비접촉 결제 방식을 전격 도입했다”며 “우리금융은 사용자 중심의 페이먼트 서비스로 모바일 금융을 선도할 수 있도록 노력하겠다”라고 말했다.",이데일리,https://n.news.naver.com/mnews/article/018/0005802637,3
39,38,2024-08-01 17:17:00,"""200만 포인트 더 달라""…이재용 없는 빈집에 몰려간 '전삼노'",전국삼성전자노동조합이 1일 오전 서울 용산구 한남동 이재용 삼성전자 회장 자택 앞에서 삼성전자 파업 해결 회견을 하고 있다. 뉴스1 삼성전자 직원 3만6000명이 가입한 전국삼성전자노동조합 이 1일 이재용 삼성전자 회장 집 앞을 찾아 총파업 해결을 촉구했다. 전날 회사 측과 현금 200만원 상당의 복지포인트 지급에 대한 이견으로 협상이 결렬되자 회장 집 앞을 찾은 것이다. 전삼노는 1일 서울 용산구 한남동에 있는 이 회장 자택 회견을 열었다. 손우목 전삼노 위원장은 “교섭에서 노조 요구 안건이 단 하나라도 인정됐다면 이 자리에 서지 않았을 것”이라며 “무노조 경영 철폐를 약속한 이 회장이 직접 나서 입장을 밝혀달라”고 말했다. 이 회장은 올림픽 관람과 비즈니스 미팅을 위해 프랑스 파리 출장 중이다. 삼성전자 노사는 지난달 29일부터 사흘간 집중 교섭을 진행했으나 협상은 끝내 결렬됐다. 당초 전삼노는 전 조합원 기본 인상률 3.5% 성과급 지급 기준 개선 노조 창립 휴가 1일 보장 파업 조합원의 경제적 손실 보상 등을 요구해 왔다. 사측은 집중 교섭에서 노조 총회 8시간 유급 인정 전 직원 여가포인트 50만 지급 향후 성과급 산정 기준 개선 시 노조 의견 수렴,"전국삼성전자노동조합이 1일 오전 서울 용산구 한남동 이재용 삼성전자 회장 자택 앞에서 삼성전자 파업 해결 촉구 기자회견을 하고 있다. 뉴스1 삼성전자 직원 3만6000명이 가입한 전국삼성전자노동조합(전삼노)이 1일 이재용 삼성전자 회장 집 앞을 찾아 총파업 해결을 촉구했다. 전날 회사 측과 현금 200만원 상당의 복지포인트 지급에 대한 이견으로 협상이 결렬되자 회장 집 앞을 찾은 것이다. 전삼노는 1일 서울 용산구 한남동에 있는 이 회장 자택 앞에서 기자회견을 열었다. 손우목 전삼노 위원장은 “교섭에서 노조 요구 안건이 단 하나라도 인정됐다면 이 자리에 서지 않았을 것”이라며 “무노조 경영 철폐를 약속한 이 회장이 직접 나서 입장을 밝혀달라”고 말했다. 이 회장은 올림픽 관람과 비즈니스 미팅을 위해 프랑스 파리 출장 중이다. 삼성전자 노사는 지난달 29일부터 사흘간 집중 교섭을 진행했으나 협상은 끝내 결렬됐다. 당초 전삼노는 ▶전 조합원 기본 인상률 3.5%(성과급 인상률 포함 시 5.6%) ▶성과급 지급 기준 개선 ▶노조 창립 휴가 1일 보장 ▶파업 조합원의 경제적 손실 보상 등을 요구해 왔다. 사측은 집중 교섭에서 ▶노조 총회 8시간 유급 인정 ▶전 직원 여가포인트 50만 지급 ▶향후 성과급 산정 기준 개선 시 노조 의견 수렴 ▶올해 연차 의무 사용일수 15→10일 축소(남은 만큼 연차수당 보상) 등을 제시했다. 사측은 노조 요구의 대부분을 수용했다는 입장이다. 그러나 전삼노가 교섭 막판에 조합원 대상 ‘삼성 패밀리넷’(임직원 자사 제품 구매 사이트) 200만 포인트를 추가로 요구하며 끝내 교섭이 결렬됐다. 현금성 포인트 요구는 그간 파업에 따른 임금 손실을 우회적으로 보전받기 위한 전략으로 해석된다. 전삼노 측은 2년 치 임금협상 타결에 대한 보상인 만큼 200만 포인트가 과한 요구가 아니라고 주장한다. 그러나 회사 측은 ‘무노동 무임금’ 원칙에 어긋나 수용하기 어렵다는 입장이다. 재계에서는 파업 참여 조합원들의 임금 손실 부담이 커지면서 협상 타결이 더 어려워지고 있다는 해석이 나온다. 지난달 8일부터 이날까지 25일째 파업에 참여한 조합원의 경우 대리급은 400만원, 과장급은 500만원의 임금 손실을 본 것으로 추산된다. 전날 협상안에 오른 ‘현금성 보상 250만 포인트’로는 노조가 조합원들의 지지를 받기 어렵다고 판단했을 것이란 얘기다. 삼성전자 사측과 전국삼성전자노동조합의 임금 인상 협상이 결렬되자 1일 오전 서울 용산구 이재용 삼성전자 회장 자택 앞에서 조합원들이 기자회견을 하고 있다. 연합뉴스 이날 전삼노는 “일부 부서에서 파업 참가자를 색출하는 등 부당 노동 행위가 발생했다”고 주장하며 법적 대응에 나서겠다고 밝혔다. 또 반도체 공정 중 필름 공정에 문제가 생겨 웨이퍼 1000랏(lot·24~25장 묶음)이 대기 중이라는 주장도 했다. 삼성전자 측은 “파업에도 고객 물량 대응에는 전혀 문제가 없다”고 밝혔다. 전삼노는 오는 5일 국회에서 다시 기자회견을 연다. 향후 시민사회단체 등과 연대하겠다는 계획도 밝혔다. 대표교섭권 종료일(5일)을 앞드고 투쟁 수위를 높이는 것이란 해석이 나온다. 현재 삼성전자에는 ▶사무직노조 ▶구미네트워크노조 ▶삼성전자노조 동행(동행노조) ▶전삼노 ▶삼성그룹 초기업노조 삼성전자지부(옛 DX노조) 등 5개의 노조가 있다. 그중 전삼노 조합원이 3만6000여 명으로 가장 많다. 5일 이후 다른 노조가 사측에 교섭을 요구하면 개별 교섭을 진행하거나 다시 교섭 창구를 단일화해야 한다. 이 경우 전삼노는 쟁의권을 잃어 파업을 이어갈 수 없다. 전삼노는 동행노조를 제외한 나머지 노조로부터 교섭 신청을 하지 않겠다는 입장을 받은 상태다. 동행노조가 이의를 제기한다면 전삼노가 다시 대표교섭권을 갖기까지는 3~4개월이 걸릴 전망이다. 이 경우 삼성전자 노사는 2023~2025년 3개년치 임금 교섭을 병합해야 할 수 있다. 앞서 동행노조는 지난달 26일 직원들에게 e메일을 보내 “강성 노조의 힘은 앞으로 우리의 발목을 잡고 실망만 안겨줄 것”이라며 전삼노를 비판한 바 있다. 그러나 개별 교섭 여부에 대한 입장은 밝히지 않았다.",중앙일보,https://n.news.naver.com/mnews/article/025/0003377257,2
